Unnamed: 0,trans_date_trans_time,cc_num,merchant,category,amt,first,last,gender,street,city,state,zip,lat,long,city_pop,job,dob,trans_num,unix_time,merch_lat,merch_long,is_fraud,merch_zipcode
0,2019-07-09 18:13:51,3284636877601489,"fraud_Kutch, Hermiston and Farrell",misc_pos,132.08,Jennifer,Garcia,M,8446 Main St,Houston,TX,58138,36.84866175997036,-87.5845418136457,498767,Engineer,1955-08-06,89a9258d509ecdde653fd58773bbf4d5,1562696031,37.098534421916845,-87.92419173665934,0,
1,2019-02-11 20:57:50,1806999087872028,fraud_Keeling-Crist,gas_transport,477.84,Sarah,Gill,M,8956 Main St,Chicago,TX,62613,46.56895432197181,-79.87162689314552,519400,Psychologist,1998-08-11,3de41927d38ff34f2f8ba2ef2f767952,1549918670,46.77253167829884,-79.4197236323309,0,
2,2019-04-13 14:55:05,8393811742409058,fraud_Lind-Buckridge,shopping_pos,383.77,Emma,Patel,F,7761 Main St,Phoenix,AZ,90162,30.655274116881564,-118.74692613859142,979658,Teacher,1983-11-02,9f1e2345a0e6c66aba288a9fb7198312,1555167305,31.047226540232323,-118.72270392903775,0,75963.0
3,2019-07-23 11:47:45,1331000517753595,fraud_Keeling-Crist,gas_transport,382.24,David,Singh,M,901 Main St,Houston,CA,33418,33.82640966413723,-120.14096149943315,641946,Nurse,1993-07-31,4f00c594f6429cbbe92b93081d3dea0f,1563882465,33.73427587532373,-119.85426298206667,0,
4,2019-04-07 12:49:51,3945556355009753,"fraud_Rippin, Kub and Mann",shopping_pos,494.9,David,Sanchez,M,4161 Main St,Chicago,TX,10820,40.80235797070088,-106.08445124159326,482230,Engineer,1976-05-06,efa07f4ada9893e36a51e2f38466cfa0,1554641391,40.38534265871108,-105.82995887778307,0,15584.0
5,2019-05-12 15:55:31,3624112462944581,"fraud_Heller, Gutmann and Zieme",misc_net,390.42,Edward,White,F,9243 Main St,Chicago,CA,79607,41.941650968852755,-118.8372833633875,171533,Driver,1965-04-22,6ed400495991177444c4768831e4eeda,1557676531,41.699339600252706,-119.13170891212678,0,41893.0
6,2019-08-05 04:57:18,954884737320010,fraud_Keeling-Crist,misc_net,148.75,Tyler,Khan,F,7196 Main St,Chicago,TX,19059,46.550740452203684,-116.53501755768025,722445,Engineer,1958-01-23,5634d2b678ec96d627ca9033f65e4f5f,1564981038,46.87585748585202,-116.43108175195647,0,56914.0
7,2019-03-23 14:22:20,2084289495706865,"fraud_Rippin, Kub and Mann",shopping_pos,325.29,Jeremy,White,F,5633 Main St,New York,NY,70774,45.793335770078016,-109.16865282134209,994263,Psychologist,1954-03-23,47ef6ae9c2c0f3416b1ef16d1b74ecea,1553350940,45.80993879958696,-108.88147346879748,0,
8,2019-07-27 05:12:08,3680016694934943,"fraud_Heller, Gutmann and Zieme",grocery_pos,45.77,Emma,Patel,F,1821 Main St,Chicago,IL,61662,32.66367023489476,-95.91780252034562,191342,Psychologist,2003-01-01,1884dd6f35961b8f6b57292878ee44e2,1564204328,32.44938940474715,-95.55888374099386,0,84816.0
9,2019-07-23 02:26:35,8194399737763956,"fraud_Heller, Gutmann and Zieme",grocery_pos,203.89,Sarah,White,M,4074 Main St,New York,IL,97684,32.861249371517054,-115.57402202896994,550538,Teacher,1994-08-16,f9c506a7875d30e316d77df12d8819a3,1563848795,33.294437578896705,-116.00890979152175,0,16824.0
10,2019-02-04 21:48:27,2395506178087533,fraud_Lind-Buckridge,food_dining,446.32,Daniel,White,F,4395 Main St,New York,CA,11159,40.92561677472467,-75.4742397409778,936600,Psychologist,2001-09-19,2a1c9ee605dfba6a34809fc3caa214b0,1549316907,40.90181316779241,-75.82483522131307,0,37465.0
11,2019-05-17 08:49:20,3481082118290177,"fraud_Heller, Gutmann and Zieme",misc_pos,236.47,Edward,Khan,F,1620 Main St,Houston,IL,92390,27.37014835914168,-85.2719719589939,603317,Nurse,1994-10-21,59b9f88ac9f642f841a3a41c450c158c,1558082960,27.839234244134815,-84.9892672858317,0,84345.0
12,2019-01-23 06:05:10,514091001097676,fraud_Lind-Buckridge,shopping_pos,285.14,Daniel,Singh,M,863 Main St,Chicago,IL,88153,46.80389457905693,-102.4615228914524,925822,Accountant,1961-08-01,a0797044dbd9e325be60ec5b1ff2acbc,1548223510,46.919313511555195,-102.51207704296725,0,75081.0
13,2019-06-15 11:54:40,2694988635048913,"fraud_Heller, Gutmann and Zieme",misc_net,336.18,Michael,Sanchez,M,4010 Main St,Houston,TX,70558,44.69994336877632,-68.16122853749985,244655,Developer,1988-03-11,9519a1b125951b0fe1daa483f9ee58de,1560599680,44.51749922584782,-68.1284037815454,0,
14,2019-01-19 23:58:45,4348935872343948,"fraud_Heller, Gutmann and Zieme",misc_net,237.9,Jeremy,Garcia,F,8291 Main St,Houston,AZ,18333,26.568822610765494,-112.35986485803599,930778,Nurse,1952-04-14,baceb180d3d6ff935ab268f4ffb4c84b,1547942325,26.471460617182046,-112.06520064458182,0,11426.0
15,2019-03-14 15:19:01,6583493353502386,"fraud_Kutch, Hermiston and Farrell",misc_net,350.91,Daniel,Garcia,M,7383 Main St,New York,CA,66221,45.087519010746206,-102.68845488071777,808692,Manager,1963-11-03,5bd0d045fcbf666b08edb97fabbafa2a,1552576741,45.54206021793194,-102.96317309049377,0,
16,2019-02-26 21:06:51,9391773529666086,fraud_Lind-Buckridge,food_dining,1372.5,Jeremy,Singh,M,8722 Main St,Chicago,IL,17426,28.058212492306176,-101.73473386318024,9169,Accountant,1956-03-09,df5c7d1ca581d1be0feff96a6444d49c,1551215211,28.447894461211977,-102.10582139640981,1,
17,2019-05-06 15:01:23,563067455877965,"fraud_Rippin, Kub and Mann",gas_transport,493.8,Michael,Brown,M,5851 Main St,Houston,TX,98287,29.21152081533162,-116.25698779450593,705420,Teacher,1950-05-31,ddafc46cf191fecb6fd62e3c39edd3bc,1557154883,28.96947223373039,-116.36713900755221,0,
18,2019-07-05 20:28:30,9874661400129471,"fraud_Kutch, Hermiston and Farrell",food_dining,302.55,Daniel,Garcia,F,7350 Main St,Chicago,AZ,62945,37.90215318838017,-116.74494146806609,975427,Developer,1972-10-19,e11d1e0d0d5b4926b4110d2bf8213f2d,1562358510,37.95803871570644,-117.2139338002425,0,
19,2019-01-14 15:43:08,4584688216589371,fraud_Keeling-Crist,gas_transport,240.11,David,Khan,M,7498 Main St,Los Angeles,IL,63783,37.48203913234907,-87.00073437655094,641154,Engineer,1960-03-06,abfafb9287f5eebf817826d20005a674,1547480588,37.14951338626256,-87.19521205101789,0,81767.0
20,2019-05-26 09:09:07,7461051011268724,"fraud_Heller, Gutmann and Zieme",food_dining,391.96,Tyler,Garcia,M,2619 Main St,Chicago,CA,41452,39.08833003523074,-106.6428470242541,959391,Psychologist,1997-09-20,c4e50c95581aa39027831bc594bef0dd,1558861747,39.386666080649654,-106.9598232908552,0,30585.0
21,2019-05-15 05:10:19,254872873304839,"fraud_Kutch, Hermiston and Farrell",misc_pos,429.47,Daniel,Garcia,F,5761 Main St,New York,NY,33477,38.33288859468914,-68.49801741126375,967491,Accountant,1988-05-17,19c57d1ce145d26a156afde5f84b3659,1557897019,38.58531589806186,-68.7160933691225,0,
22,2019-07-05 15:26:02,8276509227348377,fraud_Keeling-Crist,misc_pos,267.26,Jennifer,Brown,M,7820 Main St,Phoenix,NY,53611,38.500211860132296,-95.73756167163114,85081,Developer,1970-06-30,16e16b3d57643c558e5b5a7c243471a3,1562340362,38.421024313158824,-96.18031379353624,0,98846.0
23,2019-02-20 22:10:03,3228914264810914,"fraud_Kutch, Hermiston and Farrell",shopping_pos,112.63,Sarah,Sanchez,F,1431 Main St,Los Angeles,TX,84081,27.962917990618774,-108.75920833112252,668701,Driver,1992-05-17,bbb836f2a71e375b0a0a10504bdd6aea,1550700603,27.651877173498832,-108.35734952731022,0,
24,2019-04-21 20:46:48,8258051197754645,"fraud_Rippin, Kub and Mann",shopping_pos,170.17,David,Singh,F,2550 Main St,Phoenix,AZ,31515,36.471178857131086,-121.0588383377044,669004,Psychologist,1966-02-01,41a2fa86491f372afffed07fc24704d5,1555879608,36.62907144409325,-120.89940760127827,0,82071.0
25,2019-04-21 07:51:27,2910155278666721,fraud_Keeling-Crist,misc_net,19.03,David,White,M,854 Main St,Phoenix,NY,42908,30.59142374749857,-121.2144307394371,193947,Manager,1966-04-29,ffc01586cae7ed2a8e27763c92d0b94f,1555833087,30.965133640086847,-121.09000120800081,0,
26,2019-01-21 00:10:01,9585992589964677,fraud_Keeling-Crist,food_dining,183.89,Edward,Singh,M,178 Main St,Chicago,TX,65701,38.25781862322253,-102.91439053218568,597049,Accountant,1974-12-05,d516ab7e9f83b624f04905303e6efdc1,1548029401,38.16989814482978,-103.11184617696485,0,37837.0
27,2019-01-08 01:16:50,8158956138886196,fraud_Lind-Buckridge,grocery_pos,188.75,Emma,Garcia,F,4438 Main St,Phoenix,NY,36310,31.398697997956795,-117.5803337755569,333834,Psychologist,1996-01-29,5f5135430345acd511b4a489858f56f0,1546910210,31.552428776586904,-117.54243085227763,0,
28,2019-08-16 20:17:30,7965820931466854,"fraud_Heller, Gutmann and Zieme",food_dining,2679.73,Jennifer,Patel,F,281 Main St,Houston,TX,62002,33.94798031383469,-78.00331437298794,369982,Accountant,1950-02-18,8662fd0f8499cd2ab617bc9885ff85bd,1565986650,34.20884971366331,-78.26739260371417,1,97355.0
29,2019-04-28 23:40:27,1058036251255764,"fraud_Kutch, Hermiston and Farrell",grocery_pos,136.44,Tyler,Brown,F,9619 Main St,Los Angeles,IL,34735,40.240349066381995,-74.28574950802421,198142,Nurse,1991-05-02,4feb7f50ef34ab4d169f517ac505bea7,1556494827,39.75943034027085,-74.1573215379872,0,
30,2019-03-19 11:25:42,9385883986323118,"fraud_Heller, Gutmann and Zieme",misc_net,226.55,Emma,Khan,M,1905 Main St,Phoenix,CA,79831,32.616678342281986,-70.60518588457516,569795,Psychologist,1985-12-01,f192a2dcadc9b0c7c3f59c8cdae81ff8,1552994742,32.57749383721138,-71.0548238885336,0,
31,2019-04-13 16:27:25,1221749954692007,fraud_Keeling-Crist,entertainment,178.1,Edward,Patel,F,9841 Main St,New York,NY,84660,27.487179716356934,-102.82303098847937,706018,Nurse,1968-05-29,ee0ad3b9423755fdb48e6bee43080795,1555172845,27.336632850383676,-103.25827856176697,0,81093.0
32,2019-05-26 16:02:16,208476906530393,"fraud_Rippin, Kub and Mann",gas_transport,248.55,Tyler,Garcia,M,5975 Main St,Houston,CA,61964,46.50272897810294,-100.64115234234875,56238,Manager,1977-09-30,d209841115de58cd753669be28c23248,1558886536,46.07285153398684,-100.1512876325788,0,31284.0
33,2019-04-22 19:12:37,1318436743183704,fraud_Keeling-Crist,gas_transport,395.33,Emma,Sanchez,M,6789 Main St,Los Angeles,NY,95798,25.6914051960685,-118.75907200030434,515386,Developer,1978-06-08,c3e439b14199ea2716e497b96cd0f618,1555960357,26.002956590282867,-119.04684264486467,0,
34,2019-04-03 19:46:25,9131362494772559,fraud_Lind-Buckridge,misc_pos,399.25,Stephanie,Khan,M,8359 Main St,Phoenix,NY,97446,26.20804153064325,-119.32747626932994,509051,Engineer,1956-08-17,03de91b993072722df7f98d2b6e2a275,1554320785,26.05019276373347,-119.09908938786924,0,
35,2019-03-12 01:13:35,9931487190617841,"fraud_Heller, Gutmann and Zieme",grocery_pos,280.26,Daniel,Sanchez,M,4068 Main St,Houston,TX,86928,38.07792275199407,-69.57330436226533,588528,Developer,1951-02-25,969e8e228ab878a1d4e0ad5f4d9e6b86,1552353215,38.2524146463378,-70.0260332759792,0,
36,2019-03-01 19:19:51,3209814509761253,fraud_Lind-Buckridge,shopping_pos,154.95,Daniel,Brown,M,133 Main St,Los Angeles,IL,47361,33.439366126785075,-67.0927915866236,13274,Psychologist,2002-06-23,25a2ed6218cb7b6beab401c8b96dfa56,1551467991,32.997654392923344,-66.75845213903479,0,44168.0
37,2019-03-18 04:19:18,7991694195122290,"fraud_Heller, Gutmann and Zieme",food_dining,561.55,Daniel,Gill,M,2340 Main St,Chicago,NY,90678,38.49245035381452,-103.44230064853906,31594,Developer,1991-06-19,6ebbfc76a2c31877f8457739c1f81d57,1552882758,38.359650256418114,-103.49002759260327,1,93144.0
38,2019-07-01 07:35:54,2691118408158859,fraud_Keeling-Crist,food_dining,142.1,Michael,Patel,F,5796 Main St,Houston,IL,97020,32.482071123283745,-99.36437875818359,995497,Engineer,1972-07-18,f38dcafecbbaf1d2b21d27d4c2983532,1561966554,32.004835261489745,-98.90827674438295,0,
39,2019-05-05 22:15:08,5106506523320979,"fraud_Kutch, Hermiston and Farrell",misc_pos,166.25,Michael,Gill,M,3844 Main St,New York,TX,57962,37.353600306306944,-100.51332939718623,962849,Driver,1977-08-04,d767588b557f8ce8e629df7e93797447,1557094508,36.891510747440286,-100.40422568243068,0,
40,2019-02-14 12:08:58,5515512855472814,fraud_Lind-Buckridge,grocery_pos,703.72,Michael,White,F,2694 Main St,Houston,NY,55381,40.46757541817521,-103.97912078136545,710212,Driver,1960-11-22,2677091a11f12f03cdd1da1bff1813b2,1550146138,40.301495314469065,-103.85518187312293,1,22267.0
41,2019-08-05 23:45:45,8416530557604753,"fraud_Rippin, Kub and Mann",entertainment,199.82,Sarah,Banks,F,1275 Main St,Chicago,IL,61302,46.474657410947046,-100.90511111775994,846731,Nurse,1987-01-02,787c5ed966e81d714567b13a5fe1a2f6,1565048745,46.722710899037985,-101.21598066225744,0,
42,2019-04-25 05:23:08,5647071921020565,"fraud_Heller, Gutmann and Zieme",gas_transport,52.86,Jennifer,Singh,F,7547 Main St,New York,AZ,76988,40.81675882413294,-74.73062697651035,265345,Psychologist,1991-04-20,c915e03bb64b2afc280240381f7732ea,1556169788,40.343665011587426,-75.20951356049882,0,87238.0
43,2019-05-10 11:19:38,8061280718291109,"fraud_Kutch, Hermiston and Farrell",entertainment,318.91,Jennifer,White,M,8064 Main St,Houston,IL,82733,42.869819149353376,-85.23263673245228,514144,Teacher,1960-07-28,9d11981807bfea4d5bc983daff92eea8,1557487178,43.25474218659067,-85.20030536744854,0,83451.0
44,2019-07-05 16:41:28,7538989690476238,fraud_Lind-Buckridge,misc_net,204.69,Michael,Garcia,F,5807 Main St,Chicago,IL,42027,43.5028062849445,-122.52203224897792,692704,Teacher,1987-03-20,e5091397757a0e6ef579b4c9dfadedf0,1562344888,43.224432157020125,-122.77240571686025,0,88035.0
45,2019-01-04 19:06:57,2548963294839860,"fraud_Heller, Gutmann and Zieme",entertainment,423.12,Jennifer,Gill,M,4313 Main St,Los Angeles,NY,42884,34.86044495794839,-67.46226707430276,43162,Developer,1996-06-09,966dadf1aaffed49ec5d4dc9941e7de1,1546628817,34.85444340379423,-67.93800216684323,0,99273.0
46,2019-05-22 21:22:02,3009834566997798,fraud_Lind-Buckridge,entertainment,57.88,Michael,Singh,F,4815 Main St,Phoenix,IL,62319,38.138868584284026,-73.87526930945036,702876,Manager,1957-06-10,04b1bce7ab8999dbb50b7a42c543b0ab,1558560122,38.38646748364308,-73.67815232145722,0,
47,2019-01-25 15:54:46,2978913169118746,fraud_Lind-Buckridge,food_dining,1814.09,Jennifer,Patel,F,18 Main St,Houston,CA,52711,45.41778397504487,-85.64547328929785,718558,Developer,1971-09-14,f379d6d922ad22433314bc6881d21337,1548431686,45.61747439715344,-85.30815670323801,1,
48,2019-07-13 03:44:52,3248601088957131,"fraud_Rippin, Kub and Mann",entertainment,2593.65,Jeremy,Patel,M,6580 Main St,New York,AZ,25910,47.864186632323154,-103.23413154391244,43827,Nurse,1970-03-22,7546f37fa2526ef0bd59593a91af51ab,1562989492,47.91737134638207,-103.42366637277836,1,
49,2019-06-28 10:40:18,5736496551465606,"fraud_Rippin, Kub and Mann",shopping_pos,32.07,David,Sanchez,M,5067 Main St,Phoenix,CA,38831,44.364470583066975,-119.05362508637945,406496,Psychologist,1987-07-16,1cb9e42fb78cb3468c96b10df0e8007c,1561718418,44.05397615793934,-119.07477927711608,0,
50,2019-06-12 05:27:45,6811213278556878,fraud_Keeling-Crist,gas_transport,70.33,Jeremy,Banks,M,3447 Main St,Houston,TX,61189,47.399038296534165,-72.66118974367828,637905,Engineer,2004-07-04,1ebce4b1712f1a439e29660ef4726f39,1560317265,47.838290700040695,-73.09640212485088,0,36484.0
51,2019-07-13 23:48:06,3813427542843363,"fraud_Rippin, Kub and Mann",food_dining,331.67,Jeremy,Sanchez,F,3952 Main St,Phoenix,TX,23230,31.539426964060816,-74.92927746591168,326449,Driver,1963-11-30,b7081d2d9365e899ec7440b8df102a7a,1563061686,31.608280348722534,-74.97942464621339,0,
52,2019-05-28 03:27:47,9646091695302585,"fraud_Heller, Gutmann and Zieme",grocery_pos,38.0,Daniel,Garcia,M,5577 Main St,Houston,IL,99725,45.642687398089436,-86.35151396414597,770070,Engineer,1951-01-23,e8efb84ad9561e48edada17e555a4c01,1559014067,45.80683522992363,-86.06263264769554,0,
53,2019-04-21 13:30:27,3286181831094371,fraud_Keeling-Crist,shopping_pos,74.84,Stephanie,Smith,F,1544 Main St,Chicago,CA,24186,34.06711061293281,-119.9193152934548,978975,Psychologist,1989-11-09,b08eeaf0afe7e0d0daba37bca35e9af3,1555853427,33.59269388407735,-119.7236607933249,0,13847.0
54,2019-04-02 04:18:50,5419899036969552,fraud_Keeling-Crist,misc_pos,276.43,Stephanie,White,F,38 Main St,Houston,AZ,46732,30.606401257737396,-85.11667854415516,418861,Developer,2003-08-23,a4f686448fc3a95aaf4b4770b9867f38,1554178730,30.665305226916267,-84.9333939835974,0,16639.0
55,2019-03-23 11:07:07,3952933305289122,fraud_Lind-Buckridge,entertainment,483.37,Stephanie,Garcia,F,2703 Main St,Houston,IL,25579,28.15476116487678,-93.09705866230601,158247,Accountant,1969-11-04,923583b021ed624f3643f90a964d2a36,1553339227,28.153315294059418,-93.09430430831237,0,
56,2019-05-20 05:32:45,7356311765285977,"fraud_Kutch, Hermiston and Farrell",entertainment,28.43,Daniel,Sanchez,F,9013 Main St,Los Angeles,IL,51579,46.100103794446646,-88.15167745179343,793661,Manager,1998-09-21,8675f2b715d066094d21f6226f22cc7b,1558330365,46.21689727673103,-88.20816043793371,0,
57,2019-03-06 03:56:51,77509219541609,fraud_Keeling-Crist,gas_transport,79.07,Emma,White,M,8822 Main St,Chicago,NY,69194,48.77286116517147,-83.45818952125833,887229,Manager,1979-07-18,12bb7aaf523d1fb47aa791a689469d6b,1551844611,48.629903970609796,-83.33135706245508,0,16318.0
58,2019-05-27 02:22:00,3229204809807259,fraud_Lind-Buckridge,misc_net,271.97,Sarah,Singh,F,306 Main St,New York,TX,38266,42.92596680018371,-89.2291015399596,109627,Accountant,1973-09-26,2bfcf7e1728d5a4afc3f1788a76716a4,1558923720,42.68202325164891,-88.95742847285405,0,23747.0
59,2019-04-05 18:26:54,4772447931595738,fraud_Keeling-Crist,food_dining,306.57,Stephanie,Singh,F,248 Main St,Houston,AZ,72198,31.57945156514074,-121.85649926276332,412383,Manager,2003-07-14,8127cc929b0f64bf59f8256fd8c17f9b,1554488814,31.464243514476124,-121.6700332325863,0,84921.0
60,2019-06-20 20:22:08,8204149661872186,fraud_Keeling-Crist,food_dining,87.32,Edward,Brown,M,3508 Main St,Chicago,TX,97486,33.7403699585406,-100.23803468424074,927219,Psychologist,1985-03-23,537b9c27e5a258de9cd3eb4151f87194,1561062128,33.31226173774195,-100.52532579515449,0,29645.0
61,2019-02-19 10:19:50,1909821242038908,fraud_Keeling-Crist,misc_net,482.41,Tyler,Banks,M,8178 Main St,New York,AZ,96793,33.18702748032497,-102.62144563592823,417066,Developer,1957-04-01,51dad4538b5300bdd629ad41b8fdfc34,1550571590,33.57438442331626,-102.35379054595285,0,86143.0
62,2019-08-05 21:22:23,2630677238014477,fraud_Keeling-Crist,food_dining,77.84,David,White,F,128 Main St,New York,TX,95208,26.44495326417658,-72.15700005743723,266907,Psychologist,1979-04-12,870c9220591b28ff07e7f091cb4bed8f,1565040143,26.112899621506724,-72.14625447217881,0,
63,2019-03-22 10:42:53,2581473655154953,fraud_Keeling-Crist,shopping_pos,382.81,Daniel,Patel,M,974 Main St,Phoenix,TX,87040,46.334219270409285,-96.41539761187852,282824,Manager,1977-01-24,bb066a34123efcfef20837cc4a33b025,1553251373,45.86530581502925,-96.16185775979133,0,72380.0
64,2019-02-19 15:06:59,4756600239810110,fraud_Keeling-Crist,grocery_pos,46.57,Sarah,Patel,F,8165 Main St,New York,TX,19457,41.060069100024165,-84.54908905451057,98823,Driver,1953-01-07,0e71266b4cff331b9b3c1d002f633659,1550588819,41.490944471675846,-84.15406678150434,0,
65,2019-06-13 19:44:27,1675747432132808,"fraud_Rippin, Kub and Mann",shopping_pos,65.79,Sarah,Banks,M,5908 Main St,Chicago,IL,43095,43.624381240929836,-90.34499359663047,243385,Nurse,1989-05-31,21c7d24fcfc9546139dc58a165725ece,1560455067,44.11949198751839,-90.70681369793526,0,
66,2019-07-15 11:39:10,2184722421940807,fraud_Lind-Buckridge,food_dining,178.39,David,Smith,M,5445 Main St,New York,TX,59021,42.28090777246326,-123.1017575096947,957363,Teacher,1968-01-08,6266d4c521bad35c73d30293a6762bd7,1563190750,41.83580629084485,-123.09016179146515,0,
67,2019-06-08 20:34:06,6523869141724022,fraud_Lind-Buckridge,misc_pos,309.82,David,Brown,M,1352 Main St,Chicago,AZ,63861,33.30072944138858,-105.04906143878164,410834,Driver,1968-09-24,481c9cceeec41bf90ee1c60bb36dabd1,1560026046,33.40177692966741,-105.102390650174,0,
68,2019-03-02 17:30:30,6559831207763131,"fraud_Kutch, Hermiston and Farrell",misc_net,146.19,Sarah,Khan,M,6949 Main St,Houston,TX,87708,40.183340211359294,-111.684430731194,639847,Teacher,1960-10-19,2d3345a57338347e2364d3f76db99f1b,1551547830,40.17808629034631,-111.4651003907259,0,
69,2019-05-18 12:12:48,6726054296884417,fraud_Keeling-Crist,food_dining,4.65,Jeremy,Khan,F,4891 Main St,Houston,CA,52954,35.04826581938911,-104.21420164858196,758930,Nurse,1952-05-26,8a3ea647947ef4d54f03c4fb173ce3ee,1558181568,34.86378745729212,-104.11773754580943,0,
70,2019-06-02 15:29:35,3358972359984093,fraud_Keeling-Crist,grocery_pos,213.56,Jeremy,White,F,9838 Main St,Chicago,IL,64113,44.49905966647248,-101.92775831352608,436111,Developer,1973-04-28,d1d1c992d75638419643d395bd387dd2,1559489375,44.70283819429513,-102.36483732914819,0,
71,2019-04-27 22:46:58,6284262223211577,"fraud_Kutch, Hermiston and Farrell",gas_transport,838.39,Daniel,Khan,M,6787 Main St,Phoenix,AZ,71657,42.47620894555334,-87.37242960063554,566755,Teacher,1984-07-21,65220e265c5efecd90a9cb210403cb3a,1556405218,41.99587346985489,-86.9197885898412,1,12458.0
72,2019-08-19 06:56:16,8905079771421373,fraud_Lind-Buckridge,entertainment,317.92,Michael,Smith,F,5695 Main St,Los Angeles,AZ,50870,42.38625803423235,-119.75524824792049,160452,Driver,1966-06-14,b95f1722393e796dbaee928a3647ec20,1566197776,42.084139058564894,-119.6327947353308,0,10694.0
73,2019-07-21 02:30:16,4748277566165238,"fraud_Rippin, Kub and Mann",food_dining,294.28,David,Khan,F,6351 Main St,Houston,IL,18128,27.783865662828976,-113.17988696257157,863947,Teacher,1993-10-30,a725be5a409d2970ede4bbb3ea39b2a5,1563676216,27.298552517443067,-112.92321807373007,0,
74,2019-05-01 08:55:26,9191809415466628,fraud_Lind-Buckridge,shopping_pos,456.37,Jeremy,Gill,M,7655 Main St,Chicago,CA,54302,42.751094854032274,-96.56333463575787,678791,Developer,1967-07-28,c770b2fb1e4cbd13b5f0697fb82df37b,1556700926,42.77191501678553,-96.39055329471562,0,93517.0
75,2019-05-20 20:06:24,723162158663545,fraud_Lind-Buckridge,misc_pos,2972.22,Stephanie,Garcia,M,3827 Main St,Houston,IL,88368,46.02004712269161,-101.15892572629335,593291,Accountant,1998-05-20,98970e98dfc607ca941cc837c6d35837,1558382784,46.30573438892343,-100.82824638321334,1,63413.0
76,2019-04-22 04:16:47,4774299917796242,fraud_Lind-Buckridge,misc_pos,220.75,Tyler,Gill,M,4079 Main St,Phoenix,AZ,85445,40.478524453166514,-89.46670613217267,886756,Accountant,1995-06-13,a443259f72867eaef3a71fee642ec896,1555906607,40.29878843110457,-89.84766827781387,0,
77,2019-03-18 22:31:03,7574939225503758,"fraud_Rippin, Kub and Mann",grocery_pos,297.06,Jennifer,Singh,F,1594 Main St,Phoenix,NY,70368,36.39087199175482,-86.41413284169171,454444,Accountant,1952-09-09,7acc79149b1f893f1916b2e537dd23f2,1552948263,36.60517868308246,-86.09692445786773,0,84005.0
78,2019-01-04 14:51:27,7394825468969626,"fraud_Rippin, Kub and Mann",entertainment,297.83,Michael,Singh,M,3834 Main St,Houston,AZ,13299,45.125122877790346,-119.5076409158397,892962,Teacher,2003-08-12,16c39264f093774b83b5574e886157a4,1546613487,44.93135703999752,-119.11992695189986,0,
79,2019-04-15 15:19:29,4191357835632151,"fraud_Rippin, Kub and Mann",misc_net,319.98,Stephanie,White,F,8241 Main St,Chicago,NY,43806,46.50396474304273,-99.53746769706052,920793,Nurse,1991-06-19,552a320eeb5fe1f9652a68fed7e3c7ec,1555341569,46.292890539433756,-100.02297509454442,0,
80,2019-08-08 20:59:42,3343039657439939,"fraud_Kutch, Hermiston and Farrell",misc_net,435.59,Sarah,Patel,M,227 Main St,Houston,CA,30230,47.44713243657507,-68.27835726942777,858741,Manager,2001-04-21,bc4f81b6ff4d08ef5ea2d2df75d2e9b9,1565297982,47.38224003143544,-68.01178457051869,0,57602.0
81,2019-05-22 03:05:27,6272346228112161,"fraud_Kutch, Hermiston and Farrell",gas_transport,191.13,Michael,Singh,M,6186 Main St,Chicago,TX,13962,31.886106021329855,-99.3889227243568,343861,Driver,1952-10-12,f91414893c2deb3d56afa933b132ff42,1558494327,32.313625163442104,-99.83107723908445,0,
82,2019-08-19 08:47:38,1579246857900384,"fraud_Heller, Gutmann and Zieme",shopping_pos,429.98,Tyler,Khan,M,922 Main St,Phoenix,CA,30232,31.616772129819875,-68.11494487139349,600149,Accountant,1961-11-27,bad8fccc028c8f08155f86fd9a50df38,1566204458,31.252323684794312,-68.31991074669344,0,
83,2019-04-06 17:55:11,1001162740042237,fraud_Keeling-Crist,misc_net,6.5,Edward,Sanchez,M,2571 Main St,New York,AZ,27082,47.893149868758854,-103.4307230178128,341428,Teacher,1969-05-16,53210ca2e32cfd658b466848695bbeaf,1554573311,48.30421798648599,-103.67647056213487,0,
84,2019-07-23 08:41:08,2941489323549799,fraud_Keeling-Crist,misc_net,36.3,Michael,Banks,M,2251 Main St,New York,TX,41477,25.94169018343514,-88.12022744149881,725325,Developer,1956-02-06,3ac15cd852f002b1fca61da0de5cdc4e,1563871268,26.187612458361986,-88.51555741530233,0,15335.0
85,2019-03-03 12:03:29,348532345398319,"fraud_Rippin, Kub and Mann",entertainment,82.03,Sarah,Gill,F,2662 Main St,Phoenix,AZ,51713,39.72032147576747,-122.39432500756347,944335,Developer,1963-04-11,6d3952a3f9e810f3dc6a35ed7d0ca141,1551614609,39.246951065336155,-122.26966207275642,0,22381.0
86,2019-02-24 19:37:07,17345241964977,"fraud_Rippin, Kub and Mann",shopping_pos,458.87,Tyler,Gill,M,347 Main St,Phoenix,IL,29016,29.2786116534335,-89.80555966508348,606393,Engineer,1978-07-10,1539f9bba1e8d861dfacfc2e6e943c83,1551037027,28.89704382393375,-89.74319837872827,0,47182.0
87,2019-04-07 05:33:38,9996261103124067,fraud_Keeling-Crist,misc_pos,252.26,Daniel,White,M,6820 Main St,Houston,CA,59402,28.0351359255528,-94.9640168469408,84731,Accountant,1978-03-26,f815ee8ee612cb13773ac5ab036d5ae0,1554615218,28.24599331635825,-95.19999730392432,0,
88,2019-06-23 09:48:08,3879273571326919,"fraud_Heller, Gutmann and Zieme",gas_transport,376.6,Emma,Sanchez,M,1531 Main St,New York,IL,48241,26.739706872700225,-90.37286096747276,461708,Psychologist,1951-12-10,28d658139e5531beae661e8775f8593a,1561283288,26.545458264843173,-90.81035433381197,0,68197.0
89,2019-05-27 15:33:30,3964355620249420,"fraud_Heller, Gutmann and Zieme",grocery_pos,147.81,Jeremy,Patel,F,411 Main St,Houston,TX,55451,33.07562487443086,-74.34579588932846,808015,Nurse,1953-07-09,a2305034a99a3ce893e97797c0acaa61,1558971210,33.12602621661761,-74.40341188779502,0,19839.0
90,2019-06-11 10:37:35,7391374976592664,fraud_Keeling-Crist,misc_pos,212.68,Jeremy,Gill,F,6665 Main St,Los Angeles,TX,34384,42.17677375140294,-72.66017012055397,926679,Psychologist,2003-11-15,e3f0ea420da0313f810b96ac3ec55b16,1560249455,41.872389460851274,-72.84896198724846,0,
91,2019-06-01 07:58:11,408880322323271,"fraud_Kutch, Hermiston and Farrell",food_dining,297.35,Jennifer,Banks,F,1173 Main St,New York,TX,61786,31.961577694698377,-87.4545207970645,392777,Engineer,1956-06-05,eaf471151aab14819defea4ba43be7be,1559375891,32.309084872109935,-87.3347185869104,0,17779.0
92,2019-08-11 14:03:53,6539479199410974,fraud_Lind-Buckridge,grocery_pos,65.84,Jennifer,Smith,M,201 Main St,Phoenix,CA,55262,25.469636295551325,-113.85357422966003,874546,Accountant,1951-11-03,eb2c964eeaa5dc3c9dc8765942a9c906,1565532233,25.535965523494028,-113.48477989174384,0,62770.0
93,2019-01-19 12:10:58,5264296249407565,fraud_Lind-Buckridge,food_dining,314.37,Stephanie,Sanchez,M,7845 Main St,Houston,NY,90586,38.90819273629642,-69.04441283240533,326240,Teacher,1979-10-05,7065d05ef789781cd6d82b833f1c0f88,1547899858,38.571027423492,-69.49346573942495,0,93907.0
94,2019-05-28 00:11:41,6020425479669241,fraud_Lind-Buckridge,gas_transport,313.74,Jeremy,Smith,F,5058 Main St,Phoenix,TX,94910,29.370404487932376,-123.28902414138419,582590,Developer,1957-09-06,670a2b687f0ce8763a5aa5b8851f0aae,1559002301,29.773131578345726,-123.14530087467614,0,
95,2019-08-08 00:49:43,8322871682998693,fraud_Keeling-Crist,entertainment,1459.56,Jeremy,Banks,F,4112 Main St,New York,AZ,25297,30.65809287549875,-97.80110447391272,184439,Manager,1955-10-22,f12c6ae59d2a0d3c3691a51c8c85cbcc,1565225383,30.666022246513293,-98.1361367626772,1,47770.0
96,2019-05-24 21:01:03,518912063916619,"fraud_Rippin, Kub and Mann",food_dining,24.23,Stephanie,Sanchez,F,4846 Main St,Los Angeles,IL,30273,44.85094017770653,-117.48069695085319,983898,Developer,1973-07-26,3d46fbf7668599a2421acce7898d4ee4,1558731663,44.40617352105524,-117.2477651111807,0,
97,2019-03-06 09:04:52,8178009901861826,"fraud_Heller, Gutmann and Zieme",shopping_pos,467.57,Jennifer,Patel,F,7694 Main St,Los Angeles,TX,14213,35.35922945338869,-106.26875115227051,783327,Manager,2001-12-02,a3eede13e3c6fdba4d023caf0442091e,1551863092,35.30040845907128,-106.51051395287958,0,33775.0
98,2019-02-16 05:20:14,8457257553719866,"fraud_Heller, Gutmann and Zieme",misc_net,275.61,Sarah,White,F,4978 Main St,Los Angeles,AZ,87028,39.98426291175548,-84.352032413791,867652,Manager,1989-08-05,a1bd28eda9e76211f7b71fb4da61dcc9,1550294414,39.7315632378777,-84.7411844851575,0,71651.0
99,2019-04-12 16:06:05,5319051665881706,fraud_Keeling-Crist,grocery_pos,427.09,Emma,Patel,M,5410 Main St,New York,CA,22778,27.256833014692827,-123.38009815998649,533858,Driver,2000-05-06,4369a46858e635d7ad19e2d1578ea57e,1555085165,27.563357236893182,-123.35265608394137,0,
100,2019-01-21 14:15:34,9577459720883552,"fraud_Rippin, Kub and Mann",food_dining,2948.62,Emma,White,M,4589 Main St,Chicago,AZ,88987,25.494887268916727,-79.0850052534127,436578,Driver,2000-10-11,ad9ff0c92ac8f2e11e63108effb053ea,1548080134,25.0122331789532,-78.82114704164577,1,48400.0
101,2019-08-16 22:31:29,1713971180345786,"fraud_Rippin, Kub and Mann",misc_net,216.66,David,Patel,M,1291 Main St,Houston,IL,42048,48.97755256747425,-110.44590029080956,806529,Teacher,1958-11-18,bcc50713aef0de9f21cc7e2fdfdaba15,1565994689,49.245091647693876,-110.3575551856633,0,
102,2019-06-23 12:56:51,5516492796211123,fraud_Keeling-Crist,food_dining,446.71,Jeremy,Brown,F,686 Main St,Houston,IL,16114,38.69958401882576,-107.75405031147544,978959,Engineer,1975-10-05,fdfdd0d7adb45d2b7848b9567a057395,1561294611,38.67684817760878,-107.38289211057366,0,
103,2019-04-13 11:02:47,2028350153218140,"fraud_Kutch, Hermiston and Farrell",misc_pos,243.05,Jennifer,Patel,F,4956 Main St,Los Angeles,CA,87688,29.446453821277064,-102.16489600905106,201006,Teacher,1953-12-23,b589a7d5e7e0ef8dd28f86f0055a97d6,1555153367,29.696129551211072,-102.22127825008104,0,
104,2019-06-17 05:04:41,410838853334468,"fraud_Kutch, Hermiston and Farrell",misc_net,112.02,Emma,Banks,F,5059 Main St,New York,AZ,81314,40.60976246916937,-119.72273527392596,724920,Nurse,1966-07-11,ac6677c3684eaa5751ab79769cca49e2,1560747881,40.60269506710471,-119.6950109110024,0,
105,2019-08-11 16:12:34,4733696552004198,fraud_Keeling-Crist,misc_pos,179.82,David,Brown,F,8390 Main St,Los Angeles,AZ,62388,41.44935893514487,-116.7007817273641,752529,Driver,1991-07-11,1a654e579b2d0fcf2a2147f09ccdc771,1565539954,41.27877435186222,-117.04163021996715,0,
106,2019-05-03 21:40:02,434458532572552,"fraud_Rippin, Kub and Mann",shopping_pos,355.6,David,Khan,M,6407 Main St,Phoenix,AZ,45648,47.304895017530136,-80.95317569609364,264258,Accountant,1971-10-12,1476fef896a628e17d70e62626ab098a,1556919602,47.1904367883962,-81.25711250982901,0,55416.0
107,2019-05-04 11:01:08,7579740305748656,"fraud_Rippin, Kub and Mann",grocery_pos,196.07,Daniel,Gill,M,4201 Main St,Chicago,NY,34587,41.59628348378863,-68.16142379987673,978313,Nurse,1971-11-18,e992fbac2cf875363c0b4d8f58ee8569,1556967668,41.690660619305696,-68.06588431644614,0,
108,2019-08-07 05:25:40,109434234238817,"fraud_Kutch, Hermiston and Farrell",grocery_pos,415.31,Sarah,Brown,F,832 Main St,Chicago,NY,84987,47.06992666940853,-78.22172138153564,153462,Engineer,1951-04-04,9e6889ae794ee7a6277d45f2cbd3147f,1565155540,46.85595840345451,-78.2590070646092,0,45325.0
109,2019-04-01 21:56:38,3453971080419946,"fraud_Rippin, Kub and Mann",grocery_pos,345.64,Edward,Patel,M,2598 Main St,Los Angeles,AZ,68414,46.40710293220501,-75.40082113692449,41233,Psychologist,1993-06-23,ab98262af417dab3378d18c13a65555a,1554155798,46.1042333429582,-75.3452638943643,0,
110,2019-05-31 19:00:03,3926082597758485,"fraud_Rippin, Kub and Mann",food_dining,383.78,Daniel,Smith,F,5182 Main St,Houston,CA,40513,44.76503037400135,-99.19435630364764,20680,Driver,1977-09-24,4f0d46089f5e2972cbd914bf939bef9d,1559329203,44.99991079678885,-99.13112290972099,0,
111,2019-04-07 17:58:13,2433182617747836,"fraud_Heller, Gutmann and Zieme",grocery_pos,390.95,Daniel,Sanchez,F,7683 Main St,Chicago,TX,76456,45.27683782693521,-110.69662175820251,745914,Psychologist,1962-12-28,161340d46293b8ca3b9164cc445a4c5d,1554659893,44.999545381483415,-110.5934855713399,0,
112,2019-05-11 14:15:18,4820222797072748,"fraud_Heller, Gutmann and Zieme",gas_transport,366.09,Jennifer,White,M,5476 Main St,Phoenix,TX,80316,30.809742172805983,-118.07650454536518,510336,Manager,1992-05-16,d9d559fa3883710eba928440c215fe74,1557584118,30.88495758235709,-118.4019060379183,0,
113,2019-06-28 15:55:10,3798136998592241,"fraud_Kutch, Hermiston and Farrell",entertainment,320.94,Tyler,White,M,527 Main St,Los Angeles,TX,48142,34.35720729387886,-116.31296135575948,409117,Developer,1961-04-20,5b12cbc66f536e41467dcdb125cd04bc,1561737310,34.52449434093519,-116.39657821823928,0,
114,2019-03-22 01:54:35,417473188937189,fraud_Keeling-Crist,grocery_pos,130.89,Stephanie,Khan,M,7276 Main St,Los Angeles,TX,79496,25.410473816525283,-75.27486803608093,842389,Teacher,1977-04-29,ca1383252286836e890ae74a439f12d0,1553219675,25.561640617425276,-74.86771074211707,0,52241.0
115,2019-07-14 17:15:42,8608605779072897,"fraud_Heller, Gutmann and Zieme",shopping_pos,216.69,Edward,White,F,9758 Main St,Houston,IL,57604,29.40026475105521,-106.9438881672851,33991,Teacher,1971-09-16,b85a13dfb857798ea599eed0f3e7671c,1563124542,29.83449816357058,-106.76155371839056,0,60987.0
116,2019-02-19 04:08:07,3784674282184774,"fraud_Heller, Gutmann and Zieme",gas_transport,64.76,Jennifer,Khan,F,6961 Main St,Los Angeles,TX,98054,41.85827381338573,-120.81194561806149,16502,Manager,1959-07-31,b68067ed960e01bac24691daa56ae019,1550549287,42.145134456996935,-120.38062350034636,0,72241.0
117,2019-01-27 03:53:08,7941626007695411,"fraud_Rippin, Kub and Mann",misc_net,2255.08,Jeremy,Sanchez,F,8322 Main St,Phoenix,AZ,29238,43.920882471522354,-123.69042647787806,969955,Psychologist,2002-03-02,79a886db3e5babb99470f1d4ef0221c4,1548561188,44.01252605209161,-123.69057068598214,1,71741.0
118,2019-03-14 17:23:59,810257731890007,fraud_Lind-Buckridge,misc_pos,169.88,Sarah,Khan,F,8729 Main St,Los Angeles,AZ,43157,34.13815135941649,-79.16698096936761,617816,Teacher,1971-09-22,619effc5a36c33bd8cc4106e91866317,1552584239,33.88148323075673,-78.66869850677733,0,64405.0
119,2019-02-01 14:30:30,4074778552011374,"fraud_Heller, Gutmann and Zieme",misc_pos,121.1,David,Banks,M,2462 Main St,Chicago,CA,71793,35.18342216705099,-85.95294178892512,194789,Psychologist,1955-04-21,ec97a5b5768d3cb0389ca58bc97ea6ff,1549031430,35.29120376632543,-85.65833300202937,0,
120,2019-06-05 12:15:50,3970845492677651,fraud_Lind-Buckridge,misc_net,329.7,Edward,Garcia,F,2665 Main St,Phoenix,CA,89550,40.45326303601413,-72.14299593908206,789162,Driver,1976-06-29,4f84efa2b0f453e29961156e3fea01e2,1559736950,40.5554803500274,-72.34519321619172,0,
121,2019-03-10 23:10:58,4776639724624995,fraud_Lind-Buckridge,grocery_pos,63.77,Stephanie,Brown,F,4392 Main St,Los Angeles,IL,49707,38.02205459986992,-113.92415895582391,191989,Accountant,1953-06-30,61f8e59b221e37d374dd827252982bff,1552259458,37.58874035939895,-113.4380554060398,0,43887.0
122,2019-03-16 22:33:31,9392752996275081,"fraud_Kutch, Hermiston and Farrell",food_dining,195.76,David,Patel,M,9837 Main St,Los Angeles,CA,21175,34.193800353279244,-82.75234413605142,794359,Teacher,1951-02-19,c643e090d6bae3445ea91cce65c33083,1552775611,34.3321642596134,-82.82851881025518,0,
123,2019-06-20 09:02:58,5031205456322044,"fraud_Rippin, Kub and Mann",gas_transport,291.02,Jeremy,Gill,F,105 Main St,Houston,TX,82695,28.925028932649113,-87.09462493651532,176019,Developer,1950-06-24,1c20e85b43e8033a4c15f0a7c474243a,1561021378,28.58650830740542,-86.64821599615262,0,
124,2019-04-04 10:03:45,8317863557966184,fraud_Lind-Buckridge,misc_pos,496.18,Tyler,Singh,M,3289 Main St,Los Angeles,AZ,51697,34.31866398139424,-112.80949954737596,62137,Manager,1993-04-09,b22c9af336a0ae9fbc221082e66b03ad,1554372225,34.47132878286577,-113.23860288570994,0,
125,2019-03-01 07:31:39,4920501875879704,fraud_Keeling-Crist,shopping_pos,200.58,Jeremy,White,F,7199 Main St,Houston,AZ,71412,28.44591812181795,-68.61401720816694,117127,Developer,1999-08-16,cdc5faee50c080e5fa39c9cf1bc81cbd,1551425499,28.1981159432652,-68.95264049468679,0,84637.0
126,2019-03-11 16:13:37,4600329270647625,"fraud_Kutch, Hermiston and Farrell",food_dining,35.67,David,Garcia,M,6793 Main St,Chicago,IL,97289,48.092644212678366,-119.49411428419681,268485,Nurse,1960-10-15,38f3162a65e64f86571b3e499ac4d47e,1552320817,48.274158163738534,-119.33183877836662,0,
127,2019-07-13 04:28:17,7401566757176855,fraud_Keeling-Crist,shopping_pos,161.85,Daniel,Singh,F,3029 Main St,Chicago,CA,31412,37.72176645347303,-92.96894121993265,149144,Accountant,2002-03-18,aee03a88ff4c9a10aea5b8dcd75210ba,1562992097,37.445939399271836,-93.36771859917141,0,90564.0
128,2019-05-18 00:24:45,1701971461348695,"fraud_Kutch, Hermiston and Farrell",entertainment,292.61,Stephanie,Patel,F,4787 Main St,Phoenix,AZ,24514,31.544748849472196,-100.87706262865375,640870,Psychologist,1981-03-04,1a8dc49db24a26c54a479565a1d83e00,1558139085,32.00380866085017,-101.01077357061753,0,
129,2019-04-22 05:12:07,1513342532077179,"fraud_Heller, Gutmann and Zieme",entertainment,168.46,Jennifer,Sanchez,F,4941 Main St,Chicago,NY,73942,41.477088292721774,-93.29014784104115,756807,Engineer,1987-11-14,e70f1f6c0bbd1ad7ff64e0cc5a261794,1555909927,41.010203609205746,-93.52142579350887,0,
130,2019-07-04 08:26:11,6468531012815138,fraud_Keeling-Crist,food_dining,146.83,Michael,White,F,3713 Main St,Chicago,IL,22740,46.152006480604285,-86.09242586796387,152973,Manager,1978-04-16,0b1b1d4f48de180d3d02efc33d60396f,1562228771,46.151067794822666,-86.44113747940841,0,42291.0
131,2019-04-08 10:33:28,2370872581459451,"fraud_Heller, Gutmann and Zieme",grocery_pos,294.68,Stephanie,Singh,F,5058 Main St,Phoenix,NY,29360,34.88008477558662,-100.23806445246514,546698,Accountant,1976-03-10,4be7fa976c19b0e9dc4f214003230f23,1554719608,35.13761664633701,-100.08330363793193,0,50662.0
132,2019-01-19 04:12:57,5429838273927644,fraud_Keeling-Crist,misc_net,68.85,Sarah,Smith,M,2935 Main St,Chicago,IL,80332,29.351947228389157,-98.33433655007163,801135,Teacher,1953-10-23,119fb87a2153ed5e1ed19e012c744d3c,1547871177,29.214284577960505,-98.47336410404633,0,
133,2019-05-13 06:52:34,1296550077036463,fraud_Keeling-Crist,grocery_pos,455.51,Michael,Gill,F,3013 Main St,New York,CA,53527,44.17133711246059,-93.4124090045903,40682,Developer,1956-02-18,4060cbb17061e8b191964aad84e777e1,1557730354,44.10968897362376,-93.80859003296386,0,94487.0
134,2019-02-09 05:51:01,6617109067134832,"fraud_Heller, Gutmann and Zieme",entertainment,195.7,Tyler,Khan,M,7958 Main St,New York,CA,52421,43.599281905481135,-116.53145362380218,488268,Accountant,1992-08-04,36dbb23e49e0cd09e10189331a540218,1549691461,43.783206679044774,-116.43612142395261,0,
135,2019-07-02 12:45:34,6826434282036749,"fraud_Heller, Gutmann and Zieme",grocery_pos,156.4,Sarah,Patel,F,9477 Main St,Phoenix,AZ,34531,27.675035913393607,-73.07743937657466,560944,Psychologist,1988-01-05,36ca0832c323845173e85d52116dfb87,1562071534,28.123149985462085,-72.59540745045426,0,
136,2019-03-03 04:41:04,5660147372901799,fraud_Keeling-Crist,misc_net,131.8,Jennifer,Smith,M,2042 Main St,Chicago,TX,94279,30.378581761372722,-110.72326505136473,177289,Nurse,1963-07-10,193c7f3d9ec26615500dd95a42f63606,1551588064,30.04541649682188,-110.60285926010968,0,83799.0
137,2019-05-01 14:04:55,2136130893197116,fraud_Lind-Buckridge,shopping_pos,290.17,Daniel,White,F,2603 Main St,New York,AZ,20627,26.253902739752704,-118.8086606631075,978679,Developer,1964-05-22,fb2f36ed3cb7eed806546e436d71e203,1556719495,26.224113585519056,-119.24200847348837,0,48169.0
138,2019-03-07 12:38:12,5920310284523062,"fraud_Heller, Gutmann and Zieme",shopping_pos,378.79,Jennifer,White,F,8919 Main St,Phoenix,IL,41585,35.20583472247873,-114.96354972823355,703719,Accountant,1973-07-31,675aa5a7395d9ab716f14589834253b7,1551962292,35.21563236675132,-114.60597198250619,0,82601.0
139,2019-04-17 13:36:09,1510104379950029,fraud_Lind-Buckridge,gas_transport,311.83,Daniel,Brown,F,4226 Main St,Houston,IL,65812,43.707331287935006,-103.89873822231438,173219,Nurse,1983-12-20,249fe36078e2442323d39d1aa4c5d957,1555508169,43.61527529274633,-103.65413163957811,0,57713.0
140,2019-02-19 09:06:07,6992163281330550,"fraud_Kutch, Hermiston and Farrell",misc_pos,35.46,Sarah,Patel,F,6496 Main St,Chicago,AZ,82770,43.96397190119174,-83.96206384516509,701977,Teacher,1951-05-16,521f33fa58e07b6c52ef48de23295dc2,1550567167,44.08884620450588,-83.90497589412895,0,
141,2019-01-22 12:30:37,3628188475928343,"fraud_Kutch, Hermiston and Farrell",shopping_pos,484.71,Jeremy,Smith,M,4721 Main St,Houston,IL,39153,34.91436905287209,-97.33241611519327,127302,Accountant,1983-11-22,7b6335b80e318f37131b2f0b046b457d,1548160237,35.33103510801226,-97.22002779945255,0,15731.0
142,2019-01-22 18:37:39,7468813810897160,fraud_Lind-Buckridge,grocery_pos,295.27,Michael,White,M,4872 Main St,Los Angeles,CA,67739,33.503472306960035,-79.61248353648979,394539,Engineer,1953-12-23,f10400880ee4676924a889e72b05fe90,1548182259,33.212843133107484,-79.1292315360906,0,84319.0
143,2019-05-05 19:15:35,3391809291482136,fraud_Keeling-Crist,entertainment,59.77,David,Singh,F,9438 Main St,Houston,IL,25616,40.478385343283385,-110.15969545021066,268435,Teacher,1991-08-06,735fc2f4be9a1e2459ba1e3ba53fee2d,1557083735,40.22415292294845,-110.15970972956714,0,
144,2019-03-30 08:39:56,4558468877517019,fraud_Keeling-Crist,misc_net,271.5,Jennifer,Sanchez,M,7362 Main St,New York,IL,53896,36.694919574621885,-119.52591564649978,489498,Developer,1974-08-28,db2afa796602ed80b02c09a305f137fc,1553935196,36.22848426576495,-119.19022166537876,0,
145,2019-01-19 11:05:19,8212420297048578,fraud_Keeling-Crist,misc_pos,153.58,Michael,White,F,8168 Main St,Phoenix,IL,87532,37.97846994855999,-84.52582514308659,487996,Developer,1955-06-22,5da1f0d5cb6d7f6afa8f12a42df33bfb,1547895919,38.14467466262028,-84.14189695743819,0,
146,2019-01-29 02:38:11,3746296021807281,"fraud_Heller, Gutmann and Zieme",grocery_pos,52.94,Emma,Patel,M,754 Main St,Los Angeles,IL,19418,37.205274095959616,-77.72579017432082,131953,Accountant,1961-04-06,304ee60786730d036036ecd22caabc04,1548729491,37.083328548562534,-77.58786804031705,0,18814.0
147,2019-01-05 21:11:13,2404982133854780,fraud_Keeling-Crist,gas_transport,48.03,Jeremy,Khan,F,5539 Main St,Houston,NY,21195,29.17533330982358,-69.42460507634254,299142,Engineer,2001-11-12,f2381532f8ff6688dfd5faa2cf28b7b1,1546722673,28.683450164852744,-69.31041506718826,0,39189.0
148,2019-06-15 12:41:57,6258140601941434,"fraud_Heller, Gutmann and Zieme",shopping_pos,412.26,Stephanie,Sanchez,M,8810 Main St,Los Angeles,CA,21283,48.8041348939877,-92.69382699109448,610525,Engineer,1997-10-28,c92bcf1e20a7d987499999c2e1d0d624,1560602517,48.37330031236794,-92.80372409612798,0,
149,2019-04-25 03:24:54,6448767989192891,fraud_Keeling-Crist,misc_pos,155.97,Michael,Khan,F,4835 Main St,Los Angeles,AZ,65443,30.837946229365738,-104.28162704343043,449731,Nurse,1970-05-06,92dfefceb2edd259e33cdda2f7413756,1556162694,30.805861290455805,-104.50249702239017,0,
150,2019-01-14 15:01:48,6884273745225100,fraud_Keeling-Crist,shopping_pos,370.05,Tyler,Garcia,M,3183 Main St,Phoenix,AZ,43142,33.827367689427156,-121.79695837324664,207874,Teacher,1976-03-14,93409d4bb2b915fdcddfd29741b40caa,1547478108,34.32563715672427,-121.51490246668288,0,63082.0
151,2019-01-30 12:09:23,5802424114937656,fraud_Keeling-Crist,shopping_pos,170.78,David,Smith,M,7862 Main St,Chicago,IL,40404,32.31085808859065,-97.34123881575746,317544,Driver,1993-03-07,a413c6d1070f4cef1784c9f11e72dcfc,1548850163,32.22126690769682,-97.04364199706018,0,
152,2019-05-03 12:55:14,5163777983027937,"fraud_Rippin, Kub and Mann",misc_net,463.03,Jeremy,Brown,F,8131 Main St,Los Angeles,TX,67242,33.160008018676976,-121.3728324930724,903699,Nurse,1959-04-16,bcad4d330957549ea77e3f98bd9b05ff,1556888114,33.551965916399986,-120.92836908364183,0,
153,2019-01-08 14:59:57,2086052984328448,fraud_Lind-Buckridge,gas_transport,445.13,Edward,Garcia,F,2183 Main St,Chicago,NY,83002,38.76171568070446,-85.54197405290762,844940,Developer,1982-12-28,78276b967ed4b93b121ffb226d6610db,1546959597,38.64516088928554,-85.857593996918,0,42967.0
154,2019-08-18 14:23:41,3821973407424259,fraud_Lind-Buckridge,gas_transport,305.19,Jennifer,White,M,3339 Main St,Chicago,IL,91970,26.733015864354897,-102.74414774963367,489445,Developer,1987-04-02,8cfa303fd1a76c5bbc3be332f8cb0de6,1566138221,26.409069684340583,-102.55429085582543,0,
155,2019-04-27 10:33:57,2953775562049875,"fraud_Kutch, Hermiston and Farrell",shopping_pos,489.31,Michael,Brown,F,7692 Main St,New York,AZ,82704,37.4264538945252,-121.34981714089143,377146,Nurse,1981-08-15,9b957c0815d64792b1256cbbbfd170e2,1556361237,37.33733164619933,-120.9094813665789,0,
156,2019-02-09 19:50:56,4027525781621095,fraud_Lind-Buckridge,entertainment,418.74,Emma,Sanchez,M,6129 Main St,Los Angeles,AZ,47957,41.38330425415227,-68.89465252713512,647006,Accountant,1993-02-04,982aab8fbe9b03a50283f93ea263b3ea,1549741856,41.341234430934236,-68.56977884431058,0,
157,2019-05-21 06:48:06,1032022516822958,"fraud_Kutch, Hermiston and Farrell",misc_net,233.18,Daniel,White,M,1647 Main St,New York,NY,69155,31.159269136510165,-115.86101974329935,945856,Manager,1972-01-15,df60cfa7a0d69fb749ea503af477f53a,1558421286,31.1177254701753,-115.72293624172909,0,
158,2019-01-25 04:41:19,5234577548274438,"fraud_Rippin, Kub and Mann",shopping_pos,150.44,Emma,Khan,M,2578 Main St,Houston,CA,35476,46.59453752839642,-83.94687563103163,268739,Teacher,1965-08-12,c4897b8c7ae1562e52cf970d04322a59,1548391279,47.03195696585247,-83.4886785102674,0,
159,2019-03-27 02:58:47,7326949285332140,"fraud_Kutch, Hermiston and Farrell",misc_net,48.43,David,White,F,8063 Main St,Chicago,AZ,93819,43.25309662133474,-93.41361679511861,946566,Engineer,1966-11-06,24bd6a51d5bce72aea1c325d57f7c264,1553655527,43.518440058653674,-93.1963313496305,0,
160,2019-03-29 12:10:59,3773393103511831,"fraud_Heller, Gutmann and Zieme",food_dining,87.31,Tyler,Smith,F,1443 Main St,New York,AZ,89463,33.55036509446721,-112.75833442167877,994559,Teacher,1987-09-07,f9bd0e557d9ecb394a7e1cdb9787eaf4,1553861459,33.91133897055938,-112.59118343888949,0,57738.0
161,2019-06-23 03:06:35,4846194017819434,"fraud_Kutch, Hermiston and Farrell",grocery_pos,894.24,Jeremy,Garcia,F,7616 Main St,Chicago,TX,72063,36.02793277181732,-112.64067932420775,985994,Psychologist,1981-09-30,e25bf5ba2333be1162a9f8bf65a4da4b,1561259195,36.050872073933206,-112.34573377740281,1,71328.0
162,2019-03-05 08:44:25,1011999999905919,"fraud_Kutch, Hermiston and Farrell",entertainment,259.04,Edward,White,F,3093 Main St,Los Angeles,AZ,35823,45.71870459290993,-104.03812468861929,487251,Driver,1955-04-12,31464e8a74e99eab9f5aacc029608f58,1551775465,45.72538078829881,-104.08328449431016,0,
163,2019-02-26 21:27:46,6503604249701692,"fraud_Kutch, Hermiston and Farrell",gas_transport,160.36,Sarah,White,M,8445 Main St,Phoenix,AZ,85153,41.713195010808036,-78.72938523023997,517901,Nurse,1958-06-07,2c11f089ff7ddef7734aff4d48c67d5a,1551216466,42.104690204097366,-79.02104096033058,0,16561.0
164,2019-04-24 10:35:22,5821278307751626,"fraud_Heller, Gutmann and Zieme",shopping_pos,168.4,Jeremy,Khan,M,6571 Main St,Los Angeles,IL,10354,30.19679778790252,-80.92977750928944,687584,Teacher,1972-01-22,ba22cc9b4d0d3241ee03dc863eb7069f,1556102122,30.43800134499848,-80.43904287733304,0,74827.0
165,2019-06-17 23:00:54,2704561746255933,"fraud_Kutch, Hermiston and Farrell",misc_net,131.82,Jennifer,Banks,F,8604 Main St,New York,AZ,29072,47.05078929249879,-80.79099352805503,950027,Nurse,1984-03-10,102bd4fa7848b8522a836ecd757894bc,1560812454,47.52785731923072,-80.95375905640535,0,
166,2019-08-02 06:22:24,2958781465196000,fraud_Lind-Buckridge,grocery_pos,326.26,Jeremy,Smith,F,1423 Main St,Los Angeles,TX,56110,37.82156912678968,-116.77312145564358,639186,Nurse,1980-12-24,2972f58ec48f9c09f5f5ad4530cdfee5,1564726944,38.24794259528303,-117.25674951648813,0,
167,2019-02-23 16:40:16,9273482526539817,fraud_Lind-Buckridge,entertainment,182.04,David,Gill,M,195 Main St,Los Angeles,CA,90190,28.96625152645123,-106.26423526091105,518891,Teacher,1978-08-13,0bcc3fde3ca9c5725a4a2a052e29d935,1550940016,29.046302974566895,-106.5630502206882,0,61986.0
168,2019-03-28 16:25:42,6930529411893141,fraud_Keeling-Crist,grocery_pos,403.33,Stephanie,Garcia,M,5777 Main St,Phoenix,TX,88130,40.529890669885326,-85.99940579839026,311725,Nurse,1991-11-24,a49c7d8427745586fcc11a26a8ebd5ea,1553790342,40.93302362816598,-86.08417958962426,0,58426.0
169,2019-02-02 00:37:43,7706128596846005,fraud_Lind-Buckridge,misc_net,168.79,Sarah,Khan,M,7607 Main St,New York,TX,41307,33.40209915198349,-72.33763296778804,223671,Accountant,1982-10-19,acfaa2178c8b2e694da75501b2fe2b76,1549067863,33.73858304226572,-71.89289807219447,0,
170,2019-05-11 23:53:42,3741350781671421,"fraud_Rippin, Kub and Mann",misc_pos,150.18,Jeremy,Khan,M,9064 Main St,Chicago,IL,52234,30.953267503352198,-118.68425098174328,934165,Manager,1999-02-05,d090950c37a8fd331937834c4341a5d7,1557618822,31.090618108088037,-118.9583816457569,0,
171,2019-01-25 09:48:15,4993046877286634,fraud_Lind-Buckridge,food_dining,402.62,Stephanie,Patel,F,3488 Main St,Phoenix,TX,30142,29.218124601335685,-89.36122813020309,756991,Nurse,1966-07-18,a33d6215aa07f9fdfdeb781c5b410769,1548409695,29.55485811233433,-89.6340572396901,0,57608.0
172,2019-04-26 06:19:10,2137971812936700,"fraud_Kutch, Hermiston and Farrell",grocery_pos,402.05,Sarah,Sanchez,M,169 Main St,New York,TX,79039,38.54869602898758,-89.24860406187123,411954,Accountant,1957-02-05,0481fb32c63699a6be11a3f210614318,1556259550,38.08934304083959,-88.79652262772585,0,
173,2019-08-15 05:53:21,656255888093118,"fraud_Rippin, Kub and Mann",grocery_pos,460.09,Daniel,Khan,F,1923 Main St,New York,NY,62094,31.446911956142028,-89.21954170083406,26824,Teacher,1960-01-18,c800245c145ef574ecbb458b69c2a659,1565848401,31.012921945332735,-89.02145301794393,0,43666.0
174,2019-01-16 00:13:50,7191232750902870,"fraud_Kutch, Hermiston and Farrell",misc_pos,440.81,David,Garcia,M,2537 Main St,Chicago,IL,14148,48.46216789007591,-96.2272247144166,945472,Engineer,1966-07-03,6e5438fb9c94816d59e186b6764e2875,1547597630,48.87761220104884,-96.70702499935737,0,
175,2019-05-29 14:59:17,906186937636193,fraud_Lind-Buckridge,misc_net,74.98,Edward,Sanchez,M,3451 Main St,Houston,IL,54087,38.16248800499322,-102.46324103306533,120931,Developer,1965-09-06,e032d196a2f6e3825192faf18d2af486,1559141957,38.47698748978361,-102.43618504299057,0,
176,2019-01-11 09:14:16,3604448616522178,"fraud_Rippin, Kub and Mann",shopping_pos,138.42,Michael,White,M,7745 Main St,New York,CA,79031,46.51504871917727,-84.18297097279596,652399,Manager,1977-02-12,fd1327cb97f3cd3650abea17df74d430,1547198056,46.29534035037358,-84.54391712107041,0,
177,2019-02-19 01:31:44,9812938175838963,"fraud_Heller, Gutmann and Zieme",entertainment,149.35,Michael,Khan,M,402 Main St,Chicago,TX,34557,45.923881171868246,-78.01343972435916,562793,Accountant,1983-07-18,ba5ad6d51856c677e41c36ca0a28ec38,1550539904,46.285040025613284,-78.03324648574294,0,57988.0
178,2019-04-20 21:02:02,6470674580441244,"fraud_Heller, Gutmann and Zieme",grocery_pos,263.9,Sarah,Sanchez,M,3260 Main St,Houston,CA,66124,45.12985752565689,-101.16489494203819,911118,Psychologist,1956-01-21,ff71e7b05ddef6f09771dbfe8a7f1710,1555794122,45.38264462756918,-101.02110501818802,0,
179,2019-03-04 08:50:02,8149474649961839,"fraud_Kutch, Hermiston and Farrell",food_dining,265.02,Sarah,Banks,M,9849 Main St,Chicago,NY,98082,41.8457564553783,-110.32591701126574,57838,Accountant,1992-06-25,d936e11eb447dd7358614ce9ca78fa56,1551689402,41.59149814624855,-110.20663093962801,0,
180,2019-03-03 16:30:57,3619144062960140,fraud_Keeling-Crist,misc_pos,266.48,David,Smith,F,6107 Main St,Houston,NY,25853,40.48934183626059,-82.40969227711635,801821,Psychologist,1970-12-21,673c539f4cffdc017fcb36376ad40829,1551630657,40.794567552721425,-82.21138025693105,0,70798.0
181,2019-04-12 03:58:50,8827449620986693,"fraud_Rippin, Kub and Mann",shopping_pos,41.47,Daniel,Garcia,F,5379 Main St,New York,IL,69497,46.254134562467556,-109.72864653122738,179043,Engineer,1993-10-30,1d5e9e76fef5137ce5fe64733be7526f,1555041530,46.5510974090647,-109.29257467508513,0,96957.0
182,2019-05-27 01:47:38,3293257533371090,fraud_Keeling-Crist,shopping_pos,297.16,David,White,F,3875 Main St,Los Angeles,NY,49773,27.14411242340165,-112.50909341652145,996348,Teacher,1979-08-13,db0749888f787816258f5d203d610e06,1558921658,27.58345916646221,-112.31849884383695,0,
183,2019-05-17 22:29:26,1174216180531251,"fraud_Rippin, Kub and Mann",grocery_pos,339.44,Stephanie,Banks,F,9728 Main St,Houston,TX,56478,30.417456540377607,-119.57549809503006,807706,Manager,1970-08-04,89aa954c2de051f98d0b8ba82a1f9746,1558132166,30.572499970698416,-119.30935599279366,0,
184,2019-04-19 05:39:24,9731647736382331,"fraud_Kutch, Hermiston and Farrell",gas_transport,341.2,Emma,Garcia,F,2421 Main St,Houston,AZ,94024,37.178347891968386,-114.95523274197569,809291,Engineer,1994-01-02,7538d19d7f526a229c67018cad9624fd,1555652364,37.461729720271705,-114.91305278356037,0,
185,2019-08-03 20:29:38,4311907152798786,"fraud_Heller, Gutmann and Zieme",misc_pos,142.26,Tyler,Banks,F,7188 Main St,Houston,CA,46036,27.79554866368647,-109.58803534031362,747908,Nurse,2004-02-05,9646d7bcb2d027c689fcd93c678186b0,1564864178,27.95017193177706,-109.6306882742229,0,
186,2019-05-09 17:56:24,3321458617155814,fraud_Lind-Buckridge,food_dining,44.61,Edward,Patel,M,5493 Main St,Phoenix,IL,63541,30.613511538844087,-111.73211916498417,17825,Accountant,1962-05-09,92e2c1ca2545f436baa6b6363129f98a,1557424584,30.53761734074839,-111.28065034320404,0,
187,2019-08-06 00:19:20,1122958637455121,"fraud_Heller, Gutmann and Zieme",misc_pos,342.2,Michael,Gill,F,8548 Main St,New York,TX,63120,38.96416094574255,-87.76312276449909,737512,Developer,1974-12-10,bf838d06995a913b19cd4b07e1f4118e,1565050760,38.926091711977584,-87.48589738104666,0,
188,2019-03-20 23:01:42,7616027029860701,"fraud_Heller, Gutmann and Zieme",grocery_pos,476.29,Emma,Khan,M,5008 Main St,Phoenix,TX,81836,31.737843252863478,-76.89219084384007,652679,Developer,1990-08-16,9619edce1fb4688514b37fc88c66bb5a,1553122902,32.06146185764099,-76.52915992502565,0,83909.0
189,2019-05-20 05:55:47,8350176733991203,fraud_Keeling-Crist,misc_net,352.48,Emma,Smith,M,6993 Main St,Houston,NY,53658,39.34083347566754,-122.68758738298837,33570,Psychologist,1978-08-24,eea8bf3747104cc19d1e240543ecb8f2,1558331747,39.14601566704769,-123.15879056442587,0,
190,2019-05-16 10:29:08,8418489025961193,"fraud_Rippin, Kub and Mann",grocery_pos,5.18,Jeremy,Gill,F,1420 Main St,Chicago,TX,14794,31.05231349494593,-94.40853805647572,109882,Nurse,2002-10-12,221a6792fd78ea5a7de2ee5ba054e806,1558002548,31.154476077027283,-94.70577408593823,0,13158.0
191,2019-04-18 04:15:24,4924806847050516,"fraud_Kutch, Hermiston and Farrell",entertainment,480.71,Jennifer,Garcia,F,6567 Main St,Los Angeles,IL,66567,41.190242077826575,-94.46748953158192,958945,Accountant,1989-04-06,c3d94984a70d19b59d05cada428883f8,1555560924,41.579754832308296,-94.11722221908103,0,62790.0
192,2019-02-28 01:34:32,389188388238141,"fraud_Rippin, Kub and Mann",gas_transport,52.84,David,White,M,7406 Main St,Chicago,CA,80206,36.38439576309463,-71.26789502571765,173091,Accountant,1998-06-24,29116bbf603b99ad9d87601c78ded878,1551317672,36.48294521190017,-70.91722655374514,0,
193,2019-04-23 20:07:05,8988280508857102,"fraud_Kutch, Hermiston and Farrell",gas_transport,51.3,Stephanie,Banks,M,7180 Main St,Houston,CA,69766,34.53395064207651,-70.33158612999945,808859,Nurse,2003-12-19,1d6e174f1f9674d51243413a68834898,1556050025,34.960709776104835,-70.64626200203641,0,89208.0
194,2019-06-18 14:01:11,6337579135952872,fraud_Keeling-Crist,entertainment,44.88,Edward,Gill,M,2492 Main St,Chicago,TX,30969,33.82655113914606,-111.1292739926248,139745,Psychologist,1995-11-04,8ae0e78277222ecfd11a5898fcc7003e,1560866471,34.03908424863259,-111.5365397682446,0,88573.0
195,2019-02-18 03:08:22,2355758713250265,fraud_Lind-Buckridge,misc_pos,20.08,David,Sanchez,F,7843 Main St,New York,AZ,43455,32.112265397935374,-70.69331787771213,538814,Manager,1951-05-03,d3ab9e7031830faeff1f580c15c5928a,1550459302,32.44547380708381,-70.49563093963857,0,25233.0
196,2019-04-29 19:06:49,9256497835047070,fraud_Lind-Buckridge,misc_net,97.08,Jeremy,Sanchez,F,9368 Main St,New York,AZ,99602,31.515485337660287,-107.42074581733908,739192,Teacher,1971-09-28,cb1cb019ecc878e0572b1866fe58acbe,1556564809,31.75412778915313,-107.74181144044745,0,14080.0
197,2019-04-18 20:24:27,2056943897510863,fraud_Keeling-Crist,misc_pos,275.12,David,Khan,F,1599 Main St,Los Angeles,NY,16961,45.2835200734387,-109.09871937358643,55785,Accountant,1975-06-27,0045261fb8a79d1aa888e7beb78f417d,1555619067,44.881559955493174,-108.7698575595272,0,
198,2019-05-30 12:30:55,5522444939049629,fraud_Lind-Buckridge,misc_pos,72.32,Tyler,Singh,F,6768 Main St,New York,NY,76015,42.24398738264571,-90.90168358300258,363,Nurse,1967-11-19,f94c39a71d43569e6ad18e28b9a9d5d3,1559219455,42.05605176004456,-91.13040142902699,0,
199,2019-07-03 19:18:09,3124889546393665,"fraud_Heller, Gutmann and Zieme",misc_pos,101.0,Michael,Brown,M,4075 Main St,Phoenix,IL,41483,45.04906630229286,-102.17848071572789,887227,Manager,1955-10-20,3018b276fcb52274d21a0750ab07bfe9,1562181489,45.41927103754552,-102.22815069848174,0,27648.0
200,2019-02-05 21:23:38,4390740633988203,fraud_Keeling-Crist,gas_transport,287.69,Stephanie,Banks,F,5483 Main St,Los Angeles,CA,65053,32.182599503397725,-108.59583216936221,342847,Nurse,1954-07-23,6e887eef658338358409de2114292b22,1549401818,32.12123826837296,-108.55274848479209,0,58358.0
201,2019-03-17 04:24:00,3649760844740794,"fraud_Heller, Gutmann and Zieme",grocery_pos,424.46,David,Garcia,F,3259 Main St,New York,CA,12700,28.187298496536172,-74.79793060880121,172133,Accountant,1986-07-05,7bdd4f107964e0f89cac799ddfae6b05,1552796640,28.627864320322345,-74.79609975246196,0,
202,2019-03-10 13:04:21,6447087673566528,"fraud_Kutch, Hermiston and Farrell",food_dining,55.69,Emma,Patel,M,9614 Main St,Chicago,AZ,53917,34.62827165029487,-84.19155177392818,590296,Engineer,1966-05-07,e3b5dcf72c21e74e2ede7577d916273e,1552223061,35.011863037180696,-84.4954002264653,0,23312.0
203,2019-03-09 06:41:24,5944191250791718,fraud_Lind-Buckridge,food_dining,426.9,Tyler,Singh,M,9080 Main St,New York,NY,93964,44.31165823235898,-118.06829893963877,859583,Developer,2001-01-07,abe92b86033dcb4832c64e9f6273ec69,1552113684,43.89629123633251,-117.60218362063621,0,
204,2019-03-04 08:53:22,6658509373678983,"fraud_Kutch, Hermiston and Farrell",misc_net,147.66,Jeremy,Garcia,M,6932 Main St,Los Angeles,TX,55052,28.764186643457457,-93.19742537751199,801516,Engineer,1968-02-03,2ca65d33851d19315b9547b38d96ae70,1551689602,29.244246803127748,-93.22076619623635,0,
205,2019-08-08 03:01:56,6187555505987360,"fraud_Rippin, Kub and Mann",entertainment,205.14,Edward,Patel,M,1611 Main St,Los Angeles,IL,36066,43.68513486606949,-93.27049324451966,353700,Manager,1966-11-18,1c9c4b4f97b2a67db8402a71ed4c31dc,1565233316,43.21217250707889,-93.61428383218433,0,
206,2019-04-24 10:29:43,4403627564711058,fraud_Keeling-Crist,misc_pos,480.05,Sarah,Singh,M,5584 Main St,Chicago,CA,12425,48.126673128115456,-79.58586263851777,337269,Driver,2000-08-26,1887e7d41485a50802a356d3ebc2b5e0,1556101783,48.448783630372205,-79.5765762995161,0,33858.0
207,2019-07-26 09:56:09,8578827483543707,fraud_Lind-Buckridge,grocery_pos,487.6,Jennifer,Sanchez,M,9917 Main St,Chicago,TX,23544,25.10554140193573,-88.26350372639814,918166,Psychologist,1992-09-22,0ed98efac2a2a1c3947f74724d7b0ed5,1564134969,25.295011810596545,-88.72538197983327,0,
208,2019-04-03 12:06:38,572417467389962,"fraud_Rippin, Kub and Mann",misc_pos,61.12,Sarah,Brown,F,3130 Main St,New York,CA,34402,42.480133133446024,-80.8742670928101,342773,Nurse,1985-05-01,b57afa5d0f67520a8b36084de8666c82,1554293198,42.60511768127819,-81.32524177090829,0,
209,2019-03-27 01:25:24,9481322884859761,"fraud_Heller, Gutmann and Zieme",misc_net,283.05,Edward,White,F,5647 Main St,New York,CA,21566,41.51573957134243,-81.55608387208619,549262,Accountant,1951-08-14,ec42d05e33605b730b888d15df45bb42,1553649924,41.8012589265965,-81.6283892736506,0,28996.0
210,2019-03-30 07:45:38,4001593030214205,"fraud_Rippin, Kub and Mann",misc_net,399.96,Sarah,Smith,F,2576 Main St,Houston,NY,11161,44.12247878729694,-80.53133914220636,415265,Psychologist,1953-10-10,a17d14484ec2a84da67e8fead025759b,1553931938,43.98753795745737,-80.7379406012985,0,88057.0
211,2019-05-10 22:55:43,4111468521362692,fraud_Lind-Buckridge,misc_pos,61.1,Emma,Gill,M,7163 Main St,Chicago,AZ,61397,34.473683522274655,-121.53043403638192,849172,Developer,1975-08-31,f6fea9ef226eb0d2d1598155b531dfbf,1557528943,34.68529479659694,-121.95726456168293,0,
212,2019-06-28 18:11:52,8580365379403884,fraud_Keeling-Crist,entertainment,47.97,David,Smith,M,9675 Main St,Houston,IL,48993,29.750104179558935,-111.15402692508835,251019,Driver,1978-05-03,4b1a4b50c06888a5193ac01737b81ef8,1561745512,29.944377428299497,-111.48049120047786,0,55525.0
213,2019-02-05 23:32:11,3918624120731505,"fraud_Rippin, Kub and Mann",gas_transport,491.03,Michael,Khan,M,7216 Main St,Los Angeles,TX,23981,44.21061665315978,-107.93253457849295,179212,Accountant,1981-12-03,c33da7488c60e7e36b7505a438598f8a,1549409531,44.53566762744475,-108.12936035500826,0,96695.0
214,2019-03-07 07:07:22,5601573735552916,fraud_Keeling-Crist,misc_net,390.1,Edward,Sanchez,F,5214 Main St,Phoenix,TX,98526,44.917109382264584,-118.93192251894786,386662,Teacher,1991-01-26,46e8ee29d40b256b8d455a09dd24b849,1551942442,45.09676918965239,-118.61998106069632,0,56332.0
215,2019-05-09 00:21:38,3073137573262088,"fraud_Heller, Gutmann and Zieme",food_dining,232.11,Stephanie,Brown,M,5665 Main St,Los Angeles,AZ,40988,43.29608492738895,-89.50893614846615,472764,Nurse,1980-04-21,76928057283e3db74e8c20ce8ffb504a,1557361298,42.881813680241784,-89.95466753220697,0,
216,2019-06-06 11:31:24,467600058929477,"fraud_Kutch, Hermiston and Farrell",shopping_pos,362.19,Michael,Patel,F,190 Main St,Los Angeles,IL,71172,27.862767372509648,-92.7056238342551,174818,Psychologist,1983-02-07,932bbcfb6f5e36932e9cd2d017416223,1559820684,27.73724633707433,-92.38818849131484,0,
217,2019-04-17 19:08:42,7287154550183820,"fraud_Rippin, Kub and Mann",entertainment,279.25,Edward,Singh,F,7624 Main St,New York,NY,42225,28.047359833944185,-75.52499912664636,870632,Accountant,1958-08-09,db21cd6b97cf233b974e20b7c71cccdf,1555528122,27.764530952500078,-75.33022937242703,0,10807.0
218,2019-06-01 19:40:23,1773903936327676,"fraud_Heller, Gutmann and Zieme",misc_net,118.32,Edward,Singh,F,3643 Main St,Houston,TX,87365,30.899011884918103,-69.23708723766597,326277,Developer,1966-02-22,cb8663b2384a67b50ce836d30823c8f1,1559418023,31.062564297276616,-69.18097714608652,0,78558.0
219,2019-02-01 06:21:22,5862501158425123,fraud_Lind-Buckridge,misc_net,455.51,Daniel,Garcia,M,8705 Main St,Los Angeles,AZ,23239,48.07214619139708,-99.51276331250031,876308,Manager,1963-03-17,72aad5579d464619b3a04b77f6325c90,1549002082,48.3722030235431,-99.25715898357423,0,
220,2019-01-30 02:08:30,4959145460046831,"fraud_Kutch, Hermiston and Farrell",shopping_pos,475.17,Edward,Brown,M,2234 Main St,Phoenix,TX,69525,27.0793567394673,-70.99230708840352,650553,Accountant,1982-04-21,21140a60cbb9c702db04a01b37ca6df7,1548814110,26.867008070761873,-71.08763217294415,0,
221,2019-05-04 06:15:39,5269475512651624,fraud_Keeling-Crist,entertainment,270.34,Michael,Brown,M,2565 Main St,Phoenix,TX,71715,38.932753554686265,-118.43528382061521,81796,Teacher,1993-02-16,c101abcd9f09e7c273149118a5cfa87d,1556950539,39.18833630452847,-118.91867740004456,0,85957.0
222,2019-01-29 01:57:08,2107331707654454,"fraud_Rippin, Kub and Mann",misc_net,24.41,David,Garcia,F,6801 Main St,Phoenix,AZ,19383,25.190791297825413,-104.32667025163707,126379,Manager,2001-07-19,7f452558a41212b5de3d684d953dc07d,1548727028,25.643792263575634,-104.51016523983657,0,52161.0
223,2019-08-19 19:38:17,8100535291859311,"fraud_Kutch, Hermiston and Farrell",misc_net,301.84,Stephanie,Patel,M,7556 Main St,Houston,TX,15473,44.10018355493928,-119.04626084802126,464745,Teacher,1999-01-13,4bbe8b5836af30284baea8de7f58df71,1566243497,44.52775749306105,-119.06357414097752,0,14954.0
224,2019-03-29 20:40:51,9761155897048884,"fraud_Kutch, Hermiston and Farrell",misc_net,337.13,Stephanie,Gill,F,7046 Main St,Chicago,NY,90335,41.911918428562664,-105.71826565474939,327401,Nurse,1962-06-28,60dfb17cae6343fc00f6a34399e472f1,1553892051,42.026335306286285,-105.74298649026422,0,
225,2019-03-04 06:29:43,5714950262733271,fraud_Lind-Buckridge,entertainment,168.5,Sarah,Brown,F,7729 Main St,Houston,NY,30956,25.127730182989396,-82.90910977665155,833503,Engineer,1995-08-20,ff1418efd2b376613aafad4fe00baa7b,1551680983,25.251130840946242,-82.42185562101564,0,
226,2019-02-17 22:16:55,98233949676242,"fraud_Kutch, Hermiston and Farrell",entertainment,412.36,Jeremy,Garcia,F,3627 Main St,Los Angeles,TX,90492,38.195835079983894,-93.43239546555105,691321,Teacher,1955-03-21,f6f9bd8d7e100bc1afaaead548416042,1550441815,38.45251392256523,-93.40968888976947,0,97186.0
227,2019-05-04 18:40:14,1098652139221273,"fraud_Kutch, Hermiston and Farrell",gas_transport,16.45,David,White,F,5282 Main St,Houston,IL,94018,48.95416250979882,-109.2043611334696,295083,Manager,2004-03-01,20ac9562ef0ea66e9490d623c0367937,1556995214,49.11528908477687,-109.15112005591632,0,85961.0
228,2019-01-06 11:00:18,8858937720484472,"fraud_Kutch, Hermiston and Farrell",food_dining,497.62,David,Gill,F,778 Main St,Phoenix,NY,78876,32.66491116542221,-79.8618909077949,975156,Psychologist,1996-03-03,9937680f955e1153a58cb773ee2110bb,1546772418,32.3052004555987,-79.97153049048266,0,13484.0
229,2019-07-16 17:50:48,4060651143965222,"fraud_Kutch, Hermiston and Farrell",grocery_pos,429.34,Tyler,Banks,F,8018 Main St,Chicago,AZ,87939,40.69132795438013,-76.94918440210317,914301,Teacher,1960-12-04,e84a5ea6beec12177ea1462323eb70eb,1563299448,40.23241623559891,-77.30694766640815,0,
230,2019-06-17 13:17:40,2311703074114510,"fraud_Rippin, Kub and Mann",misc_pos,387.95,Edward,White,F,4734 Main St,Houston,AZ,23957,37.594832677641755,-83.70798857748596,221597,Developer,1979-10-03,176b3822ce0693edd7553df9640680ad,1560777460,37.25329503700129,-83.46694864136322,0,51023.0
231,2019-07-15 05:00:09,4723865970142146,"fraud_Kutch, Hermiston and Farrell",misc_pos,48.49,Jennifer,Banks,F,1607 Main St,Phoenix,NY,44362,34.74080972248463,-80.68027178438322,450873,Manager,1992-09-22,7ea8a61351bd50b7e57c055ac1bfeb5c,1563166809,34.71209106600477,-80.63615447790391,0,64856.0
232,2019-06-24 15:32:40,9036483153117945,fraud_Keeling-Crist,gas_transport,163.21,Emma,Banks,F,5386 Main St,Los Angeles,IL,14246,32.37309623986758,-79.33069689914007,678567,Psychologist,1981-10-29,7fd08087173bb0ff4360963855ff46b1,1561390360,32.23663169050396,-79.42749589577552,0,
233,2019-08-15 09:09:10,8009270769007383,fraud_Lind-Buckridge,shopping_pos,201.38,Daniel,Sanchez,F,9400 Main St,New York,AZ,82475,35.37915767583762,-92.4040257540849,65651,Accountant,1997-09-29,9616228abdd15d05ad1dfadc075e79b2,1565860150,35.61201203541872,-92.45196083497395,0,82515.0
234,2019-01-17 12:01:01,922751646532585,"fraud_Heller, Gutmann and Zieme",grocery_pos,344.6,Stephanie,Singh,M,3823 Main St,Phoenix,AZ,75167,29.350307029168007,-101.66906584930389,879362,Nurse,1994-01-20,31c1defd7465dda3b8e707120b360941,1547726461,29.091780460224093,-101.6528996792457,0,
235,2019-06-16 03:19:10,8690983539711249,"fraud_Kutch, Hermiston and Farrell",food_dining,211.84,Sarah,White,F,9659 Main St,Chicago,TX,98088,43.7757593389274,-110.27778607879361,499098,Manager,1991-01-26,6ff0dece6c94037131e08a6de822c61c,1560655150,43.76052659316159,-110.58599145116334,0,
236,2019-02-09 06:54:21,725686799826085,fraud_Lind-Buckridge,entertainment,303.79,Stephanie,White,F,21 Main St,Phoenix,TX,24390,45.33897020375376,-93.50362366769944,107364,Driver,1955-08-02,5447c08301b54650c81931210f447392,1549695261,45.41236035591031,-93.36535817493672,0,
237,2019-01-20 20:30:41,8989528085161096,fraud_Lind-Buckridge,misc_net,12.8,Jeremy,Khan,M,373 Main St,Houston,IL,84259,48.673597647942216,-88.1734447266652,16112,Accountant,1992-03-05,13ec6161dc65b75022dd38d7a6f51f98,1548016241,48.97077396907545,-88.03637364637497,0,49168.0
238,2019-01-21 10:28:59,8038484881718186,fraud_Keeling-Crist,gas_transport,285.97,Edward,Smith,M,7317 Main St,Los Angeles,AZ,90305,45.039470644771775,-85.02248706130386,301054,Developer,1964-01-02,bf56b35a8ce1e04dfb76090b05aa96da,1548066539,45.30732896580583,-84.53975228993501,0,94722.0
239,2019-04-15 10:56:11,7247585648071658,"fraud_Heller, Gutmann and Zieme",gas_transport,189.04,Jennifer,Sanchez,M,2509 Main St,Los Angeles,CA,28929,34.05497081277332,-108.552381296395,190462,Engineer,1973-10-30,ba04601446acc7eb03cdef02ca64f29c,1555325771,34.5238375809511,-108.08942706600548,0,83399.0
240,2019-07-06 22:39:56,4173954091684098,"fraud_Kutch, Hermiston and Farrell",shopping_pos,298.03,Jeremy,Gill,F,2736 Main St,Chicago,CA,79539,41.1670259226256,-81.10153433212626,148790,Manager,1956-10-14,40b6631167639cfd509c46cd5c7893fd,1562452796,40.79322863184867,-81.49709041915031,0,43962.0
241,2019-07-01 13:30:46,9766352552018767,fraud_Lind-Buckridge,misc_pos,187.29,Jennifer,Sanchez,M,4137 Main St,Los Angeles,TX,70671,31.241335018281756,-96.54146658231483,909167,Psychologist,1958-01-14,e3df371542308ac844d8bf2a11217524,1561987846,31.327325567972597,-96.30257089216671,0,
242,2019-03-11 16:15:08,1958572817888756,fraud_Lind-Buckridge,grocery_pos,108.92,Edward,Banks,F,4240 Main St,Chicago,IL,89564,39.14153496133678,-71.96044664276431,735203,Psychologist,1981-08-05,393c4b6eebb7cde1c2a2ab5d2a2444de,1552320908,38.75368433616717,-71.90693795551186,0,
243,2019-02-17 21:25:12,9297208136741446,"fraud_Kutch, Hermiston and Farrell",entertainment,308.86,Emma,Singh,F,9210 Main St,Chicago,CA,16309,34.24048089432799,-72.651469991218,964251,Psychologist,1979-08-25,1e9485f1af8eb17782ae59570c8d0a1e,1550438712,34.54533942270259,-73.07884873821425,0,
244,2019-07-18 11:18:43,5239142270189899,fraud_Lind-Buckridge,shopping_pos,39.03,Edward,Garcia,F,3968 Main St,Houston,TX,55190,43.58296823517398,-123.8643848792405,486174,Manager,1998-05-06,0e79fadd64e984cee7c63a29f2fb3f25,1563448723,43.81267962212167,-123.57896917867251,0,31945.0
245,2019-05-17 05:28:39,8695488386883836,"fraud_Heller, Gutmann and Zieme",shopping_pos,289.88,Sarah,Singh,F,9122 Main St,Houston,IL,59623,47.340190196053015,-93.85277932122864,493927,Manager,2003-03-19,d6889c191af64a154a320e4f0b991f50,1558070919,47.77556538461152,-94.23279070475355,0,78699.0
246,2019-01-15 11:38:12,7497583691778689,fraud_Keeling-Crist,misc_pos,21.22,Jeremy,Singh,F,3128 Main St,Chicago,TX,89810,44.48879236259498,-119.38432995604406,341882,Driver,1991-08-01,4e7dc729c3bb72f5d25d39aeb19868c3,1547552292,44.019768068008496,-119.82813289559832,0,
247,2019-03-23 13:41:54,3494924252599925,fraud_Keeling-Crist,misc_net,78.39,Daniel,Sanchez,M,1083 Main St,Los Angeles,AZ,33493,43.34949205637945,-81.0704689178955,49645,Psychologist,1971-09-26,27c31048fb235220b8dd67909ae0c5d6,1553348514,43.048004826993164,-81.46111750309383,0,99224.0
248,2019-01-01 07:35:41,5520947660979205,"fraud_Heller, Gutmann and Zieme",grocery_pos,80.17,Jeremy,Gill,M,8935 Main St,Chicago,NY,87483,39.4500205680572,-115.0820922730064,50450,Accountant,1982-09-26,fdb33c263d950c361bbae23dbc0cdbf0,1546328141,39.083330367497894,-115.33448315152035,0,
249,2019-06-04 15:03:29,8419772770065645,fraud_Lind-Buckridge,food_dining,61.97,Daniel,Singh,F,672 Main St,Phoenix,CA,87937,39.70142018865295,-70.58038654561821,615257,Psychologist,2003-10-19,61aeb5e70de7e702df18af38f7e67414,1559660609,39.47000458638833,-70.61350168013217,0,
250,2019-03-11 02:00:55,3798072707719664,fraud_Lind-Buckridge,misc_net,416.39,Edward,Gill,M,3247 Main St,New York,TX,86050,47.49434105438228,-95.2203748245701,298177,Engineer,1964-03-29,ccb24cfc7d6f44935fca160c0db944e0,1552269655,47.69558938413827,-95.45247945983962,0,
251,2019-02-02 05:53:51,9916131685028010,"fraud_Kutch, Hermiston and Farrell",entertainment,229.51,Daniel,Smith,M,2771 Main St,Houston,TX,27679,42.04739632775387,-112.67204203900539,113595,Driver,1966-10-25,7c14cfdd9b753b586fc24516c13e2f51,1549086831,41.670597546820304,-112.23983617351593,0,
252,2019-05-07 01:42:27,2858362360401405,fraud_Lind-Buckridge,grocery_pos,18.9,Sarah,Sanchez,F,2790 Main St,New York,NY,12479,48.2737885226265,-81.38730519467317,238650,Manager,1977-01-06,9e3a367e5bb6d03f033e3b148a54dfd3,1557193347,48.33038523239055,-81.59019992945647,0,
253,2019-03-28 02:32:09,9867937298334386,"fraud_Heller, Gutmann and Zieme",misc_pos,197.01,Emma,Sanchez,M,6230 Main St,Los Angeles,AZ,63876,26.842717394218774,-80.91832692370005,68386,Psychologist,1958-08-29,aff7b0e3fa2d596c2510ff3dc70e8613,1553740329,27.276547164593197,-80.65858763545538,0,
254,2019-02-23 15:31:22,3855875523279109,fraud_Lind-Buckridge,misc_net,422.16,Michael,Khan,M,1861 Main St,Houston,CA,36570,27.93494839279608,-92.71907255998792,833721,Nurse,1992-08-19,ad3d46d7da953be059d7c1103fbc1dd9,1550935882,27.780699878742137,-93.04299472010445,0,
255,2019-04-30 09:56:07,8594796342964065,fraud_Lind-Buckridge,food_dining,156.08,Michael,Garcia,M,3572 Main St,Los Angeles,AZ,72454,27.912407359612075,-88.01273958491205,896891,Driver,1959-11-28,423618dcd7956716941cbe46274aee13,1556618167,27.547688777109524,-88.13257675576423,0,34813.0
256,2019-05-06 17:35:32,558586277230574,fraud_Keeling-Crist,misc_pos,287.88,Tyler,Sanchez,F,7749 Main St,Los Angeles,IL,71911,25.648003821154326,-95.9325971741995,87725,Manager,1964-08-14,166505098f9709f2af003e96a69ebeaa,1557164132,25.31378361310635,-95.70055696710843,0,15898.0
257,2019-06-28 14:49:54,9805330154646383,fraud_Lind-Buckridge,grocery_pos,242.47,Jennifer,Garcia,M,9340 Main St,New York,IL,24926,48.51205523724454,-106.93250244218737,163510,Teacher,1950-04-16,0e97b8b8272cba37be6cf51106f087f2,1561733394,48.82706862688405,-107.34403464859928,0,18020.0
258,2019-07-31 14:12:12,3019557283824034,"fraud_Heller, Gutmann and Zieme",misc_pos,494.77,Jennifer,Singh,M,2916 Main St,Houston,NY,19413,43.432317288411355,-103.59806663405708,242070,Psychologist,1964-01-26,b9d76d44ea2f52769ef39d7ca125453e,1564582332,43.2676194860322,-104.08463870671345,0,24867.0
259,2019-07-19 19:14:16,694262987305229,"fraud_Rippin, Kub and Mann",gas_transport,103.89,Sarah,Banks,M,4172 Main St,New York,IL,19203,28.83111318001547,-104.5249934773127,123582,Teacher,1956-01-01,71bc4a59c19635c90d55e92287afaa92,1563563656,29.030875309490973,-104.83713012367906,0,
260,2019-07-15 07:27:36,2358815294014111,"fraud_Heller, Gutmann and Zieme",food_dining,351.85,Daniel,Gill,M,7117 Main St,Phoenix,CA,88574,33.66054573322069,-104.00958723658651,30571,Accountant,1997-08-19,78e1ef78e9ddb2fc7c79847e467fa6b5,1563175656,33.6748934466389,-103.56594199206293,0,
261,2019-04-13 14:05:10,8230794809008301,"fraud_Rippin, Kub and Mann",gas_transport,50.24,Jeremy,Singh,M,232 Main St,Chicago,TX,11714,30.72927990543007,-113.9830038838375,224938,Nurse,1955-10-02,d3098a57a8f69235eeb4b5faee1739ea,1555164310,30.999107711281358,-114.14304503803174,0,
262,2019-05-09 20:33:57,5578705791665694,"fraud_Rippin, Kub and Mann",gas_transport,98.5,Tyler,Khan,M,6213 Main St,New York,NY,15480,29.23435452811439,-112.06291855926801,274543,Developer,1967-07-23,edbd8fc197300c13a45a903aab6ff651,1557434037,28.905650508379445,-112.16997390911153,0,71184.0
263,2019-07-03 22:46:10,75516210974087,fraud_Lind-Buckridge,shopping_pos,354.42,David,Garcia,M,4243 Main St,Houston,TX,72028,44.76748317040227,-111.4482241333589,120379,Driver,1955-06-07,9a9e5ec3685c11e020971fdff034ffbf,1562193970,44.49951589757884,-111.26740412083689,0,89529.0
264,2019-04-23 04:57:24,7236169285362675,"fraud_Kutch, Hermiston and Farrell",shopping_pos,461.5,Jeremy,Singh,M,4727 Main St,Chicago,AZ,38523,44.1314426844259,-98.30981964086766,263347,Teacher,1993-10-19,179e417c129bc2c36ee77dd1c78d512b,1555995444,43.950410904586455,-98.75387534086795,0,66346.0
265,2019-04-05 10:02:09,1375046783405640,fraud_Lind-Buckridge,misc_pos,411.6,Jeremy,Singh,F,1950 Main St,Phoenix,AZ,37940,38.71291792130486,-99.01929611628125,414580,Teacher,1980-05-17,aeff587391fa8797d19eb6a2a6f7edb3,1554458529,38.785540123646605,-99.07591440640608,0,67446.0
266,2019-03-22 17:17:57,6479695113832710,fraud_Keeling-Crist,shopping_pos,207.23,Emma,Sanchez,M,2068 Main St,Houston,CA,25098,33.62645885996228,-72.63213724690763,799790,Nurse,1961-10-29,0881f05337d1be6030e6acd70d3bc589,1553275077,33.80622208359513,-72.5666559803704,0,69811.0
267,2019-07-09 09:51:10,7087077717288956,"fraud_Rippin, Kub and Mann",food_dining,145.49,Emma,Gill,F,9676 Main St,New York,AZ,13638,34.13452023920308,-95.07217988455949,406403,Teacher,1954-07-18,6de05cffba0b7b265b08ba77e0bffa39,1562665870,33.78490254955401,-95.1402855145541,0,94429.0
268,2019-07-01 07:26:49,9040008834822201,"fraud_Kutch, Hermiston and Farrell",grocery_pos,104.41,David,Khan,F,841 Main St,Chicago,IL,27240,45.275387585751815,-98.52896093441356,416159,Driver,1961-05-22,e2efd0610acb988e2cd785d29e279a7c,1561966009,45.18661816842495,-98.392200287085,0,48260.0
269,2019-01-28 04:47:57,3804842922357622,"fraud_Kutch, Hermiston and Farrell",grocery_pos,328.04,Daniel,Khan,F,169 Main St,Los Angeles,AZ,75739,31.640015507901765,-78.32698163973362,464500,Driver,1965-10-12,161c4dce07999c67efd0288ee4d4c69b,1548650877,31.22580542800886,-78.71976938452005,0,69688.0
270,2019-02-25 13:20:16,3347049777834251,fraud_Lind-Buckridge,gas_transport,26.74,Jeremy,Smith,F,2525 Main St,Houston,TX,74211,46.51718176175183,-117.48096426587031,453502,Accountant,1994-05-20,480e2ce3a00373bb6637f0c5ad529e0d,1551100816,46.47321103136321,-117.51683680501894,0,48602.0
271,2019-06-11 20:16:53,5569437685435812,"fraud_Heller, Gutmann and Zieme",misc_net,280.86,Stephanie,Brown,M,5201 Main St,New York,NY,62971,42.13544316877871,-71.23362432195648,284047,Psychologist,1952-11-29,4932c954874c28f3228de9aa60b41c05,1560284213,41.6392321459969,-71.65455659825541,0,
272,2019-06-30 17:02:50,9660658131509055,fraud_Lind-Buckridge,gas_transport,102.54,Emma,Banks,F,2378 Main St,Phoenix,IL,33311,32.164399317629936,-99.58466006782513,155466,Driver,1999-02-14,c8913f0cc13ab62df7f890d239304a89,1561914170,32.337545341769186,-99.72110799747414,0,75388.0
273,2019-02-26 22:12:00,2965813913846218,"fraud_Heller, Gutmann and Zieme",grocery_pos,147.84,Jeremy,Patel,F,7450 Main St,Chicago,CA,45696,33.96891151409873,-116.86072697817467,833873,Manager,1982-07-30,257150a08239eea2769358380ed4a36e,1551219120,33.62951483236205,-116.37283761562712,0,
274,2019-06-29 21:57:09,5004997943102940,fraud_Keeling-Crist,grocery_pos,473.0,Edward,Gill,F,2118 Main St,Los Angeles,IL,94234,38.98141910949016,-86.66822361055588,919301,Teacher,1978-12-06,6a20f1e65b00e3806963cd489e7236fb,1561845429,38.724467240137486,-86.79528376183231,0,35510.0
275,2019-03-20 09:07:21,7345170341482211,"fraud_Rippin, Kub and Mann",misc_pos,178.64,Jennifer,Gill,M,617 Main St,New York,CA,14769,25.09742063347187,-80.73688510567297,826265,Manager,1963-01-09,d105bba85723db23467e2e7d3b9bd881,1553072841,25.23503225176357,-80.47540929549258,0,43279.0
276,2019-04-19 01:04:22,7500235103157292,"fraud_Kutch, Hermiston and Farrell",misc_net,458.42,Daniel,Banks,M,2295 Main St,Phoenix,AZ,11649,33.70100237894082,-98.94603658677252,812629,Driver,1965-08-26,12eac7a68e2edb0048bf1d356296b7dd,1555635862,33.422087847506475,-99.1631671428996,0,60360.0
277,2019-05-23 10:11:36,2964033887459012,"fraud_Heller, Gutmann and Zieme",entertainment,197.95,Stephanie,Smith,M,8194 Main St,New York,TX,35044,40.07122873087726,-78.1172037680053,71047,Accountant,1993-03-14,8ea38fbf4bb23e94af269f08df5913f6,1558606296,40.430451861968606,-77.649570854499,0,
278,2019-08-17 13:09:47,3122901429754569,fraud_Keeling-Crist,misc_pos,182.38,Tyler,Patel,M,7269 Main St,Los Angeles,AZ,59280,36.63110232034629,-85.79167979557701,764373,Driver,1999-12-19,d7ab6ca3806bfed8583b889fb5c3ad90,1566047387,36.901474662448074,-85.50473359016723,0,24834.0
279,2019-02-16 18:54:21,8754860843167238,fraud_Keeling-Crist,food_dining,365.08,Daniel,Sanchez,F,9488 Main St,New York,NY,56643,26.738361315394872,-68.31219871025607,51401,Developer,2000-11-23,f4648f241aba2ec5ce0cdbb38124d1ea,1550343261,26.265700078228672,-67.92506232558267,0,
280,2019-04-13 01:18:58,6678481257050786,fraud_Keeling-Crist,misc_pos,2111.15,Sarah,Sanchez,F,9993 Main St,Phoenix,TX,60396,42.87837132805818,-77.14750677322672,715858,Manager,1965-01-28,ab53865bcca7a7b17b77f9cad026a2ba,1555118338,43.28194563612225,-77.19501152005543,1,
281,2019-01-15 02:54:08,532407518825973,"fraud_Kutch, Hermiston and Farrell",entertainment,336.3,Sarah,Garcia,M,9112 Main St,New York,AZ,52032,26.95852360553795,-93.83966170351735,161464,Accountant,1964-07-18,5d2a646806cdd51e13d133d3f01232cf,1547520848,26.57993006261235,-94.28966671743137,0,
282,2019-08-12 08:13:11,6237891885115442,"fraud_Kutch, Hermiston and Farrell",entertainment,499.1,Stephanie,Garcia,M,389 Main St,Chicago,IL,46505,30.38040852807851,-76.56946149048079,805993,Psychologist,1970-10-21,2fb769b37524f34a3231a7c2a843e42d,1565597591,30.227723448871348,-76.69992709530045,0,
283,2019-02-21 10:34:39,4961792943741577,"fraud_Rippin, Kub and Mann",gas_transport,22.77,Michael,Gill,F,9651 Main St,Phoenix,NY,70375,28.505266770236478,-114.85274266592279,289813,Driver,1991-12-28,3ad535abd833c9651b2806e7a3b7ea02,1550745279,28.95964340398283,-114.89023352374262,0,88380.0
284,2019-04-19 09:40:40,1270074696514369,"fraud_Rippin, Kub and Mann",entertainment,341.63,Daniel,Patel,M,5070 Main St,New York,TX,73220,25.59282229718863,-93.7397440463854,17686,Manager,1975-06-15,2ff189adcbff3f51b3af822e983f3393,1555666840,25.4344068056802,-93.77536454517677,0,21440.0
285,2019-04-11 05:10:56,317497997697866,"fraud_Kutch, Hermiston and Farrell",entertainment,1850.63,Jennifer,Patel,F,1737 Main St,Phoenix,AZ,58774,43.36725445888224,-119.60389537339366,730587,Psychologist,1985-09-08,26f3b0c249b518bda28f5f319c1b5215,1554959456,43.31014649472246,-119.94583259806721,1,
286,2019-08-13 04:27:52,2548371672211763,"fraud_Heller, Gutmann and Zieme",entertainment,160.14,David,Khan,F,5332 Main St,Chicago,TX,98266,37.148629063934365,-113.32703869636617,650187,Driver,1994-07-07,e280b0b519a5ac65483d597704c748f7,1565670472,37.320609788711934,-112.89131825278848,0,
287,2019-01-27 06:09:30,1122748416787733,"fraud_Rippin, Kub and Mann",entertainment,438.97,David,Patel,M,2085 Main St,Los Angeles,NY,86860,25.507676019635937,-78.43555165660776,698343,Accountant,1988-09-09,7b054e9da90c9fb966d93415a43734f3,1548569370,25.04975052796822,-78.48174736942428,0,
288,2019-06-27 01:15:38,538587524771916,fraud_Keeling-Crist,gas_transport,78.66,Sarah,Sanchez,F,5602 Main St,Los Angeles,NY,25371,43.366576648221155,-123.59783963901724,661878,Accountant,1994-07-15,ea18aad15eb1fb5b65bac35e0e81aa6f,1561598138,43.6167141926619,-123.12880340973683,0,14406.0
289,2019-06-19 16:03:46,1992590280180253,fraud_Keeling-Crist,gas_transport,333.62,Sarah,Patel,F,4535 Main St,Phoenix,NY,64928,28.71916423142204,-103.15870237693599,25711,Teacher,1955-04-23,26083e9c29f1cf3b1a6d98b503e0a088,1560960226,29.0024477892091,-102.87717753360745,0,
290,2019-07-05 11:12:29,833369414390896,"fraud_Rippin, Kub and Mann",food_dining,142.45,Michael,White,M,5931 Main St,Los Angeles,AZ,10421,45.646990936560734,-123.62269163631174,353894,Developer,1994-12-26,d54902f8444f0e51e179c738db9fb9f2,1562325149,45.829877956689195,-123.16828476529949,0,
291,2019-07-23 17:38:04,302917198068866,"fraud_Kutch, Hermiston and Farrell",misc_pos,305.4,Tyler,White,F,9173 Main St,Houston,TX,73186,33.01976611823331,-97.49661737558966,147002,Accountant,1986-12-21,e0df59fdc0fec688efdf7f843ff256ef,1563903484,33.17393523241731,-97.28385504672977,0,80879.0
292,2019-03-14 10:47:34,7140822243727146,fraud_Lind-Buckridge,misc_net,342.83,Daniel,Patel,M,2609 Main St,Phoenix,IL,94960,38.60738354518108,-117.86658713762178,187864,Nurse,1959-06-22,59454e501749600a92d70299f119bee5,1552560454,38.38815611419884,-117.90464310078164,0,12670.0
293,2019-07-22 16:04:52,8768349178711026,"fraud_Rippin, Kub and Mann",food_dining,2595.76,Tyler,Singh,M,2195 Main St,New York,NY,83014,46.01167857911692,-80.40209779732945,589303,Engineer,1961-06-13,508b010ea104fac6b87f5a3a40092899,1563811492,45.69838183681371,-80.30020143902891,1,
294,2019-08-03 12:47:37,2064605977723773,"fraud_Kutch, Hermiston and Farrell",grocery_pos,180.06,Jennifer,Sanchez,F,4488 Main St,Houston,TX,51369,47.299294054771444,-85.64442135687602,713844,Driver,1985-10-24,fa471ec3f299004443711f5729d5f680,1564836457,46.960326414998185,-85.36213370845054,0,70986.0
295,2019-04-08 09:11:16,4150976035008139,"fraud_Rippin, Kub and Mann",misc_net,12.28,Michael,White,F,3781 Main St,Los Angeles,CA,14405,37.38141741935944,-95.5679798848741,367696,Driver,1959-07-27,7f7aeeca5e5de416f9629d3167a0ae32,1554714676,37.568770453684195,-95.37094367992847,0,57529.0
296,2019-03-10 23:55:18,9382848573279710,fraud_Keeling-Crist,food_dining,97.66,Michael,Patel,F,2637 Main St,Chicago,NY,33843,44.27356428665889,-122.12984514278433,467764,Teacher,1992-02-12,c9934b19fac93ae82a70d37933d4cca7,1552262118,44.50771904972891,-122.10406794746129,0,30126.0
297,2019-03-27 09:17:26,9243142730001453,"fraud_Heller, Gutmann and Zieme",food_dining,1838.77,Jennifer,Brown,M,7821 Main St,Houston,NY,69707,33.936183833506895,-82.8543750781642,449685,Psychologist,1998-04-16,224efd0e674235f1703856198f76e5ab,1553678246,33.725134303558335,-82.95433348054866,1,
298,2019-02-11 10:22:37,4314462770758988,"fraud_Kutch, Hermiston and Farrell",entertainment,371.06,Jennifer,Garcia,F,4516 Main St,Chicago,TX,14375,25.2811839920753,-106.49668038602545,774407,Nurse,1954-03-18,24c1799da5c25d0e0b60964aebf1913a,1549880557,25.142593606427845,-106.19485700792981,0,
299,2019-06-02 22:47:20,9678963988027262,fraud_Keeling-Crist,food_dining,317.31,Stephanie,Patel,F,6286 Main St,Los Angeles,CA,93565,47.55495964881973,-75.60436313694188,887789,Developer,1963-11-22,3a5f5db50183d76b7449754de9b86fa9,1559515640,47.53610128855997,-75.2651040363444,0,
300,2019-07-24 17:33:13,920083616240183,fraud_Keeling-Crist,grocery_pos,26.9,Jeremy,Sanchez,M,319 Main St,New York,TX,23443,38.87749298262587,-69.47992615585494,57687,Teacher,1996-05-05,bb87b8dcc5a6c22ad85ced603fe07106,1563989593,39.3213337987039,-69.78785481147618,0,51909.0
301,2019-07-01 07:23:20,7734674816964505,fraud_Lind-Buckridge,entertainment,256.97,Edward,Khan,F,73 Main St,New York,NY,39555,36.28476668914535,-100.78419796160655,176556,Teacher,2004-01-28,4682975d6d69861a8bd757ab93405e6d,1561965800,35.80226412646735,-100.53699594429244,0,38077.0
302,2019-06-21 13:29:32,5361219782113566,"fraud_Kutch, Hermiston and Farrell",misc_pos,78.35,Sarah,Patel,F,1430 Main St,Chicago,TX,98363,38.979771551073426,-83.09022032327422,939296,Manager,1972-01-25,be3a65a79a045bafda5f01fc078ba484,1561123772,39.230184242788575,-83.21138272881801,0,
303,2019-03-04 18:46:43,4247244269077456,"fraud_Rippin, Kub and Mann",shopping_pos,194.63,David,White,F,567 Main St,New York,NY,58889,48.46182630486522,-82.91037634543503,207150,Driver,1953-04-22,7d7898a38c1fbbeae009526c2439cbce,1551725203,48.80899775841557,-83.3189079927887,0,
304,2019-04-29 14:35:34,7086162394123993,"fraud_Rippin, Kub and Mann",misc_net,417.33,Michael,Smith,M,5717 Main St,Los Angeles,IL,42498,35.11903846127857,-120.69583276900684,144334,Engineer,1958-05-20,8b9accdecbcfc4eddbdf4a72e9e0ae80,1556548534,35.17502243194281,-120.48583629109406,0,31675.0
305,2019-06-26 23:16:05,3095987452203672,"fraud_Heller, Gutmann and Zieme",grocery_pos,95.73,Sarah,Patel,F,1962 Main St,Houston,TX,83398,35.48122607654401,-95.7043682355737,384188,Nurse,1999-01-18,ee8fc1bb6901078e3f3ce2a17c19af96,1561590965,35.88448039384799,-96.17216228654817,0,
306,2019-03-02 20:17:46,7906098701730910,"fraud_Rippin, Kub and Mann",grocery_pos,310.07,Daniel,White,F,4384 Main St,Houston,AZ,89339,25.401638488760405,-70.16376420470897,856284,Driver,1976-10-27,cc5a7b123690d4b335b047b0737a7063,1551557866,25.19396050111438,-70.10701372346703,0,
307,2019-04-12 23:48:34,5084325499504908,fraud_Keeling-Crist,misc_net,129.66,David,Sanchez,M,1293 Main St,Phoenix,NY,96209,33.92520098292797,-116.61561504946346,557370,Developer,1967-01-11,081235e043d0e93239473e34284e56b9,1555112914,33.80208529467983,-116.26130498038607,0,52605.0
308,2019-02-18 04:07:50,1913997278092011,fraud_Keeling-Crist,entertainment,105.09,Sarah,Patel,M,1457 Main St,Chicago,AZ,74507,26.986888611169512,-116.46171276184339,622860,Accountant,2000-10-01,acae08418cc8221d3e2e0f57e4e82f2a,1550462870,27.11047696054822,-116.54982307445216,0,15689.0
309,2019-06-11 02:11:56,19387525768248,"fraud_Heller, Gutmann and Zieme",grocery_pos,84.36,Jennifer,Smith,M,9839 Main St,Phoenix,AZ,13734,33.69743111550906,-90.89525881943172,918906,Psychologist,2002-01-17,1f885f9e1ecdc3d8aeed7785f9bffeb7,1560219116,33.976932331700766,-90.45698545064636,0,
310,2019-04-01 09:15:48,2960629937040178,"fraud_Kutch, Hermiston and Farrell",shopping_pos,397.17,Stephanie,White,F,4390 Main St,Chicago,TX,77261,44.09428217943535,-83.97187013011668,931564,Engineer,1955-01-03,ca3e4fd59a706d90c3517e2a2b26cf45,1554110148,44.57462113052122,-84.02649549073544,0,
311,2019-03-24 03:26:56,7393382442747216,fraud_Lind-Buckridge,gas_transport,298.77,David,Khan,F,498 Main St,Los Angeles,NY,96421,25.079771738844606,-111.60996796499789,986589,Manager,2002-05-16,83affec098ec59ab01cdbc7b0111c872,1553398016,25.057456712760132,-111.84919639421015,0,
312,2019-07-23 14:58:24,3264566421052918,"fraud_Heller, Gutmann and Zieme",misc_pos,320.61,Daniel,Garcia,M,991 Main St,Los Angeles,NY,76925,29.74003608386916,-85.34986851534848,675383,Manager,1951-01-22,f91ed30fb5414fbaf1d6f209c8efeb41,1563893904,29.936738521283882,-85.24164050044276,0,29401.0
313,2019-07-16 06:40:29,1399871550489556,"fraud_Kutch, Hermiston and Farrell",gas_transport,155.57,Stephanie,Garcia,F,7942 Main St,Houston,AZ,97479,30.506252251121577,-91.19924642582859,785168,Psychologist,1964-01-17,a07fc363315db2b2a1b9803e69f937cf,1563259229,30.3479860205471,-91.35536544094107,0,
314,2019-05-02 06:00:57,9075768439074068,fraud_Lind-Buckridge,entertainment,488.73,Daniel,Smith,M,555 Main St,Chicago,NY,32050,31.142690011799324,-108.90939002404762,81453,Manager,1980-02-01,7af5972c492d46f9c42fb0392d2fea6e,1556776857,31.365784889028372,-108.547616986956,0,69642.0
315,2019-06-04 00:10:51,8966268281982628,"fraud_Heller, Gutmann and Zieme",misc_net,289.38,Jeremy,Smith,F,2517 Main St,Los Angeles,TX,88912,44.65524295007512,-88.44382462294207,842254,Teacher,1950-02-04,5dadeb67cd1c7e751a4e9164adcbd875,1559607051,44.27108456751592,-88.15033186895374,0,
316,2019-01-21 14:22:57,8105881784240279,"fraud_Kutch, Hermiston and Farrell",shopping_pos,366.11,Edward,Sanchez,F,6005 Main St,Los Angeles,IL,75310,27.551156170560184,-114.16788394757288,850847,Nurse,1991-11-23,117aef28bd5e5a7738c09f0c9006fbe7,1548080577,28.041219783738445,-114.31709399715,0,42461.0
317,2019-01-24 23:07:44,677952216395633,fraud_Keeling-Crist,grocery_pos,154.37,Sarah,Garcia,F,46 Main St,Phoenix,AZ,71145,35.809931515024964,-104.60118702613741,103091,Teacher,1972-05-18,2c5bddfa5be52293d2bded072ab05c02,1548371264,35.355365757624355,-104.94728156100109,0,
318,2019-04-23 20:23:25,7583889694814223,fraud_Keeling-Crist,shopping_pos,79.4,Tyler,Smith,F,923 Main St,New York,IL,29268,27.283722009944285,-77.53671615486732,881581,Teacher,1985-04-30,f8caa0f9bb6d71967e42d16c939e6df9,1556051005,26.99445937336254,-77.80768769452737,0,
319,2019-05-14 13:43:15,7038366144670555,"fraud_Heller, Gutmann and Zieme",shopping_pos,227.95,Jeremy,Khan,M,8638 Main St,Houston,AZ,64393,28.580540417440034,-121.32096631285708,740800,Engineer,2002-02-26,b79dff240d8da1283b2e2ef4ebcc2b55,1557841395,28.30433999310096,-121.2854737152784,0,65319.0
320,2019-03-06 20:26:07,4909681775162954,fraud_Lind-Buckridge,grocery_pos,59.39,Michael,Banks,M,8142 Main St,Los Angeles,CA,60238,30.326074732908573,-106.02584933723627,594429,Engineer,1992-04-22,73d6f5c9f2632dbeebf8fcf7b42d274f,1551903967,30.55717686648551,-106.46661633931834,0,50088.0
321,2019-06-12 23:08:59,590046170939067,fraud_Lind-Buckridge,shopping_pos,238.47,Tyler,Khan,M,9277 Main St,Los Angeles,CA,60789,30.17762211115832,-68.79498800334835,283779,Teacher,1986-08-06,36e2a8e5f0f2ae909885a9e19a73afc1,1560380939,30.196751153476598,-68.38872621480262,0,37901.0
322,2019-07-03 15:16:04,5181336883181413,fraud_Lind-Buckridge,gas_transport,223.62,Emma,Smith,F,820 Main St,New York,TX,44676,42.186669929956565,-73.33458831881171,372348,Psychologist,1959-10-30,6c1dc32f9e9c13085571b0c0ea213769,1562166964,42.51113448469918,-73.17320791210273,0,
323,2019-02-21 00:30:28,7465200305714297,"fraud_Kutch, Hermiston and Farrell",grocery_pos,1.4,Emma,Banks,F,8696 Main St,Los Angeles,NY,20040,45.1766723826083,-111.63412602270398,460111,Driver,1958-07-19,4a5199a3f3a2edbc775ab3123540bb41,1550709028,45.23553992282255,-111.80243407789098,0,
324,2019-06-09 21:27:48,5359325364675020,fraud_Keeling-Crist,gas_transport,2140.37,Jeremy,Singh,M,6629 Main St,Phoenix,NY,73162,38.31122517652118,-84.19289804031644,793288,Developer,1950-07-07,70e4413b2b66715c869e58c2960de498,1560115668,38.15987527893145,-84.65471302972621,1,
325,2019-01-26 08:39:08,2906303544607781,"fraud_Kutch, Hermiston and Farrell",misc_pos,282.94,Daniel,Garcia,M,8562 Main St,Chicago,AZ,74849,41.56515998382601,-103.14701591288458,230642,Nurse,1950-06-06,ab6574b26c9fc07d08faec09ab67f213,1548491948,41.342752249495696,-103.02690747613835,0,
326,2019-02-23 05:20:57,9436355995917142,fraud_Lind-Buckridge,shopping_pos,393.06,Sarah,Garcia,F,1518 Main St,Los Angeles,IL,68252,42.64955121407018,-78.43831055502628,996686,Teacher,1956-04-17,ab87175221b2d57a720362287f701dd3,1550899257,43.03885480745999,-78.02535955789077,0,32410.0
327,2019-05-09 02:35:43,6758475663172446,"fraud_Kutch, Hermiston and Farrell",entertainment,342.38,Edward,Brown,F,1663 Main St,Chicago,IL,29778,40.27792316549553,-105.6738425062559,652832,Accountant,1969-06-10,44ac783d3d06ae73fc73f3f2de1dc4d0,1557369343,40.135364380901166,-105.62910974775345,0,28889.0
328,2019-06-16 02:11:34,622524127625555,"fraud_Rippin, Kub and Mann",shopping_pos,148.12,Emma,Khan,M,9569 Main St,Phoenix,AZ,45145,46.7991645637371,-70.81122507625699,898508,Driver,1969-01-03,135dd35b05765a5216cc7624dedfd2aa,1560651094,47.11003716248389,-70.47359540990396,0,14263.0
329,2019-05-03 04:13:08,4653296510823135,"fraud_Heller, Gutmann and Zieme",food_dining,234.36,Edward,Patel,M,321 Main St,Phoenix,TX,97325,40.72261976974198,-107.836173440684,696067,Manager,1984-06-06,617335dcc0a03eb25c6465a432aa33f1,1556856788,40.68868226135437,-107.95637550681448,0,
330,2019-01-31 18:00:03,4019029663475051,"fraud_Kutch, Hermiston and Farrell",misc_pos,840.9,David,Sanchez,F,2869 Main St,Phoenix,NY,75583,37.92036688376388,-82.44370444080467,65385,Manager,1980-01-07,0be2936327729055a3750f3e058db6ce,1548957603,37.80247214225091,-82.89310877905208,1,
331,2019-03-05 20:07:10,6223608226702397,fraud_Keeling-Crist,entertainment,488.74,Jennifer,Patel,M,8886 Main St,Chicago,AZ,64675,48.567823153281346,-86.16736938725694,505335,Manager,1955-01-06,0b21336cdbfad55d91d7c304b82e2aef,1551816430,48.85194206401831,-86.14437660977694,0,72114.0
332,2019-02-06 10:57:38,6468243087514139,"fraud_Heller, Gutmann and Zieme",food_dining,11.94,Emma,Garcia,F,901 Main St,New York,AZ,58317,36.6707100830937,-111.24442757833621,587015,Manager,1988-04-22,234dbe75dd5bdc6c417331568ecee6e9,1549450658,36.18020104263025,-111.25688499610446,0,17727.0
333,2019-06-07 01:47:58,9447633749357004,"fraud_Rippin, Kub and Mann",grocery_pos,430.81,Sarah,Banks,M,5628 Main St,New York,NY,52013,36.644310453811826,-109.34087012670302,906404,Psychologist,1962-07-12,1643f9a45be9da058993819eb2a71f17,1559872078,36.815460762577544,-109.55021268054128,0,22842.0
334,2019-06-12 12:35:17,9277831087424644,"fraud_Heller, Gutmann and Zieme",gas_transport,485.68,Jennifer,Banks,M,3473 Main St,Houston,IL,36005,29.84952769666828,-78.51410050285301,293226,Nurse,1984-03-22,2edfd8b76e96795764262d998c5feff0,1560342917,29.515236766533874,-78.14558853651502,0,
335,2019-03-26 04:40:33,4879971264042326,fraud_Keeling-Crist,misc_net,38.36,Edward,Brown,M,4835 Main St,Phoenix,CA,79645,43.43133512329609,-121.70690925215958,878539,Nurse,1954-03-03,2bf20785f605c576cf969d1d35345509,1553575233,43.420323004945026,-121.53715398793841,0,
336,2019-01-31 16:40:31,4717855591224196,fraud_Keeling-Crist,food_dining,242.31,Jeremy,Garcia,M,1631 Main St,Los Angeles,TX,98839,33.85715289740514,-76.19684222325985,310582,Nurse,1968-01-29,b6ac20c65a3e62bd4caf52a73e5fcf60,1548952831,33.45753056001412,-75.75882064555562,0,
337,2019-05-19 22:51:52,7713734194738582,"fraud_Kutch, Hermiston and Farrell",entertainment,168.88,Emma,Patel,F,1926 Main St,Chicago,CA,71039,25.317341185764953,-116.65761048917162,365252,Teacher,1981-08-11,3f947a743d87927d50cc95b13de1bd9c,1558306312,25.096445491776226,-117.02146968259652,0,
338,2019-04-29 08:02:07,481786055516031,"fraud_Kutch, Hermiston and Farrell",misc_pos,309.65,Jeremy,Brown,M,5542 Main St,New York,IL,18746,38.2646866813623,-82.75075864474744,684210,Manager,1994-09-18,85872d5189ef0f9dbf7405aed13b87ae,1556524927,37.826662546822384,-82.48591990581296,0,49608.0
339,2019-08-10 04:04:47,6540879284805031,"fraud_Rippin, Kub and Mann",food_dining,348.04,Tyler,Patel,M,2718 Main St,Houston,CA,90476,44.93871159830188,-119.0190213089108,981098,Driver,1996-02-12,e8a7ccf60e843f7f7f60bff8a5591e91,1565409887,44.78089210825081,-118.85034302214802,0,
340,2019-02-02 21:24:40,5532902611704052,"fraud_Kutch, Hermiston and Farrell",misc_net,338.22,Jennifer,Garcia,M,67 Main St,Los Angeles,TX,28750,48.733295734594286,-112.88893539936788,408681,Accountant,1957-10-17,65a9dcdb51228ecbede4403c1cde9ebb,1549142680,48.87329053938959,-113.17188106473264,0,
341,2019-01-19 16:29:02,6646985535350620,"fraud_Heller, Gutmann and Zieme",entertainment,241.04,Stephanie,Patel,M,3040 Main St,New York,CA,69482,31.791276854516404,-111.50742080620667,55114,Manager,1999-10-16,51f2b094008d198319a8188410b5aaa7,1547915342,31.33513620181756,-111.84866913382983,0,92117.0
342,2019-01-10 23:37:03,1142608354773964,fraud_Keeling-Crist,food_dining,111.91,Jeremy,Patel,M,6720 Main St,Houston,TX,11443,42.54060092233459,-100.9504083527406,890260,Teacher,1990-01-10,1adcedb9d2a65a4a9ad0f5aa04668628,1547163423,42.99745645322735,-101.37598226437537,0,46942.0
343,2019-04-18 20:19:31,1159933286534089,"fraud_Heller, Gutmann and Zieme",entertainment,372.61,Edward,Smith,F,7427 Main St,New York,NY,41899,34.90310267548154,-103.41773783228851,205656,Psychologist,2000-01-27,a579ef5c75bf3d369c0180bed032d6d2,1555618771,34.47119748776282,-102.92041511850667,0,
344,2019-01-24 05:00:09,6419564584365733,fraud_Lind-Buckridge,entertainment,59.56,Edward,Banks,M,1491 Main St,Los Angeles,IL,91535,48.1448762783057,-88.4973660773903,886181,Developer,1993-04-12,8aa1ed57bedad5a3c9396182a4277847,1548306009,48.06665418671424,-88.71484481060989,0,
345,2019-05-05 15:19:10,6728231644330110,fraud_Keeling-Crist,food_dining,324.95,Tyler,Patel,F,4133 Main St,Phoenix,NY,38282,35.23874709100871,-92.21357399137003,496306,Developer,1975-02-19,546cb8edd8d13e74a7a5ceb92a339f22,1557069550,35.046926941155874,-92.17887148460407,0,
346,2019-06-29 12:52:21,1173431336445815,"fraud_Rippin, Kub and Mann",gas_transport,343.91,Tyler,Brown,M,5905 Main St,Chicago,AZ,39765,32.08304461765449,-96.03719856439339,228478,Psychologist,1995-05-26,772b22ac1a873d51a1cd05755855ef9b,1561812741,31.840519848196568,-96.02732436869937,0,
347,2019-03-27 12:43:28,2723632393561881,fraud_Lind-Buckridge,shopping_pos,280.37,David,Sanchez,M,7031 Main St,Phoenix,TX,58399,43.54080656981556,-80.96423382705909,737029,Driver,1959-12-28,343ebbe1071b673deffcc5f3c3f1cb07,1553690608,43.05550251092425,-80.76451841234959,0,57996.0
348,2019-01-26 11:03:43,7463858600965746,"fraud_Heller, Gutmann and Zieme",shopping_pos,325.6,Daniel,Banks,F,3552 Main St,New York,AZ,50761,41.08882648614016,-74.39067749270905,727937,Driver,1990-12-03,bf430d8dfc7a245ccfdf42529fcd5a3e,1548500623,41.05864858588041,-73.91772184160935,0,98935.0
349,2019-08-02 13:05:59,3571166840236081,"fraud_Heller, Gutmann and Zieme",entertainment,10.31,Emma,Brown,F,6240 Main St,Los Angeles,CA,25961,26.859394412239965,-93.51986049130228,638134,Teacher,1994-04-07,fcb3d847bb17d347117674ab0ebf3ff8,1564751159,26.964360099177263,-93.93743658213602,0,
350,2019-07-24 12:35:06,9903056211358744,"fraud_Rippin, Kub and Mann",entertainment,167.15,Daniel,Khan,M,4621 Main St,Los Angeles,NY,83892,35.8651704407147,-72.91097585512597,106085,Teacher,1984-04-13,e0fc894e8dd62ed128e90fcd015f599d,1563971706,35.682585502103514,-72.94228605180608,0,
351,2019-01-07 03:41:12,7323762350096883,fraud_Lind-Buckridge,entertainment,250.59,Jeremy,Garcia,F,4843 Main St,Chicago,TX,36617,43.62557722255521,-94.25978921981327,287439,Psychologist,1952-12-02,5e784efacb92020720fe5202f3522e00,1546832472,43.93726922283254,-94.30780634145925,0,62986.0
352,2019-05-14 08:33:23,4544745148366546,"fraud_Heller, Gutmann and Zieme",entertainment,8.21,Jeremy,Sanchez,F,4344 Main St,Phoenix,IL,37350,41.96885971735082,-107.65526917502082,332313,Teacher,1953-10-21,f9bd9740e8b7c468bc97031dfa6ee38e,1557822803,41.54180561791694,-108.10978503401702,0,67667.0
353,2019-07-19 06:46:59,6110436875647879,"fraud_Rippin, Kub and Mann",shopping_pos,448.24,Michael,White,M,1360 Main St,Phoenix,CA,12027,31.482249182531874,-115.00624825717395,768620,Psychologist,1962-10-25,784b131e6528828e57acef6b37141839,1563518819,31.494917346878683,-114.80553811611422,0,
354,2019-07-22 12:21:47,3794938369578991,"fraud_Rippin, Kub and Mann",misc_pos,214.38,Jeremy,Khan,M,5404 Main St,Houston,TX,87435,42.802550426084316,-85.44020497867558,559419,Psychologist,1953-09-16,aa8e96e331cbb6fee9341612890c9b74,1563798107,43.061745522503024,-85.56642597690477,0,
355,2019-06-06 23:10:05,3411082803003258,fraud_Keeling-Crist,misc_pos,479.8,Jeremy,White,F,1344 Main St,Los Angeles,NY,92397,48.19855154187537,-86.13440783796779,521426,Driver,2000-10-24,d87f7c0d9f5c7790b09ca99705943ae4,1559862605,48.25318320913036,-85.89800324988167,0,
356,2019-05-05 17:22:55,4883590308273399,"fraud_Rippin, Kub and Mann",shopping_pos,62.26,Tyler,Gill,F,2200 Main St,Houston,TX,14532,29.380344096310736,-121.56390823070136,850445,Manager,1960-03-08,39c8f725986defe109ff7e25723d2298,1557076975,29.369095040594342,-121.66567001741862,0,
357,2019-05-26 03:03:48,2871924639635422,"fraud_Heller, Gutmann and Zieme",misc_net,87.98,Emma,Patel,M,40 Main St,Phoenix,TX,98118,44.92640904481417,-71.36326824361518,809209,Nurse,1951-12-09,77241ede95437584e821410a238c3c22,1558839828,44.53991987344422,-70.92035289536535,0,80605.0
358,2019-03-15 01:46:35,7684955788781220,"fraud_Rippin, Kub and Mann",misc_net,230.71,Jeremy,Banks,M,7485 Main St,Phoenix,TX,82541,37.04648236463009,-107.62367119929709,472941,Manager,1964-09-26,f7e16b154edd140851f66d6d5dffc129,1552614395,36.990027319200465,-107.47254092146557,0,80217.0
359,2019-06-02 17:38:35,7525798861140649,fraud_Lind-Buckridge,shopping_pos,103.45,Edward,Patel,M,7583 Main St,Phoenix,TX,57628,33.728639332910646,-70.88732997211969,878569,Manager,1976-01-11,6c0ff06c1a42fe21ca682190a20d0625,1559497115,33.838339140355075,-71.3364092530021,0,
360,2019-07-04 00:12:37,8040054648600638,fraud_Lind-Buckridge,gas_transport,43.48,Tyler,Garcia,M,8021 Main St,Houston,CA,84411,46.836245155242565,-118.17523920107445,727079,Nurse,1980-06-20,76f316bd5a76e19f4db4fa698ff6812e,1562199157,46.34609385869667,-118.39346552946199,0,25736.0
361,2019-01-14 18:13:21,9367648959030631,fraud_Keeling-Crist,food_dining,218.0,Michael,Gill,M,3429 Main St,Houston,AZ,53542,42.94272890152623,-113.00621913882293,507134,Nurse,1989-10-27,cd7adfe5034a4d37b20a27fc54e37cf0,1547489601,42.73196409457132,-112.60061213709957,0,
362,2019-05-31 00:04:44,5372039442771641,"fraud_Rippin, Kub and Mann",shopping_pos,193.04,Edward,Brown,M,6398 Main St,Chicago,AZ,54924,33.4802776455059,-68.52626402097704,375627,Psychologist,1977-03-26,cebb77108c4a27b582f26eab67b49f5c,1559261084,33.95390179323789,-68.288584829312,0,
363,2019-02-20 13:40:03,7463070589921314,"fraud_Rippin, Kub and Mann",grocery_pos,285.65,Sarah,Brown,M,7758 Main St,Los Angeles,NY,54461,27.487036766387966,-115.22287984507777,616020,Psychologist,1990-08-17,feaffd21a12783a63e48f291c5437222,1550670003,27.664895066404664,-114.80430829753728,0,91064.0
364,2019-08-06 09:35:25,5599367731213082,"fraud_Kutch, Hermiston and Farrell",entertainment,188.16,Daniel,Garcia,M,1641 Main St,Chicago,NY,22720,35.865443862907505,-94.21046099399746,568525,Nurse,1970-06-18,4cbf24fcce7287539f2f8d90395e7d47,1565084125,35.50483015518284,-94.12862022057824,0,
365,2019-03-06 10:22:46,9939624473933576,"fraud_Heller, Gutmann and Zieme",food_dining,453.04,David,White,F,3901 Main St,Houston,NY,18172,33.67144113512693,-118.60169743645791,780613,Developer,1970-01-23,d8a6ec1a1671cd5cb066f2510db16c9f,1551867766,34.13387467144112,-118.15343643528817,0,26371.0
366,2019-02-01 11:06:19,2211582748872937,"fraud_Heller, Gutmann and Zieme",misc_net,228.88,Tyler,White,M,5173 Main St,Chicago,IL,74392,26.97106122313841,-94.72091106169532,3242,Nurse,1972-07-05,80d0d03c90262af76172d16e5846bdb1,1549019179,26.686436770788145,-94.59619782744916,0,33931.0
367,2019-04-10 01:18:33,1797423629892984,"fraud_Kutch, Hermiston and Farrell",misc_net,329.44,David,Singh,F,3379 Main St,Los Angeles,NY,51210,31.825963552502582,-87.04924000809342,674077,Teacher,1967-05-26,ad6f1e614df7c8120536ac88f94142d4,1554859113,32.17701340906482,-87.02644255649938,0,
368,2019-04-05 14:54:08,485080191225074,"fraud_Rippin, Kub and Mann",grocery_pos,128.84,Emma,Sanchez,M,7816 Main St,Chicago,CA,44604,38.71577021965196,-106.22519794800512,406163,Nurse,1996-11-07,d297989d2e6fb82aed331790b0c787e0,1554476048,38.65712061427773,-106.58591553947095,0,23974.0
369,2019-02-23 20:04:09,5177257291092870,"fraud_Kutch, Hermiston and Farrell",gas_transport,123.68,Tyler,Garcia,M,3255 Main St,Chicago,AZ,29926,32.813836901160826,-121.4898069302487,469671,Nurse,1958-05-16,511797d53e8e84788a85cf2d36add844,1550952249,32.66015970006297,-121.14241173065426,0,
370,2019-03-01 19:40:32,2696070651842698,fraud_Lind-Buckridge,misc_pos,291.4,Jeremy,Banks,F,6968 Main St,New York,TX,51689,39.90749916861621,-112.2509593375362,305127,Teacher,1960-06-02,3b7b9614fb5fa00dbdf93bbedcb564f3,1551469232,39.66787415204095,-112.36321467288407,0,32517.0
371,2019-01-19 22:17:32,1808759897524448,fraud_Lind-Buckridge,grocery_pos,232.23,David,Sanchez,F,1911 Main St,New York,IL,33791,41.96167565027932,-81.1800734091785,428883,Engineer,1990-06-27,30fcc96daf2ea790a397a37c3dbbd81f,1547936252,41.51127662212321,-81.34661695593438,0,
372,2019-01-01 21:25:06,6511031515009483,fraud_Lind-Buckridge,gas_transport,223.07,Stephanie,Gill,M,4773 Main St,Houston,AZ,83050,25.81954793539105,-68.3626893883633,845562,Psychologist,1987-11-07,f4c5e90dd420c0791e1bfae0f0fe578e,1546377906,26.043365208000843,-68.39665128675784,0,
373,2019-04-27 23:22:40,1846854428990974,"fraud_Rippin, Kub and Mann",entertainment,123.04,David,Patel,F,4871 Main St,Chicago,IL,71831,40.63694551868253,-87.76845840755502,445137,Accountant,1973-12-11,8fc6a39a24204601c85e2134b4fe6af2,1556407360,40.69369519274095,-87.90016153738489,0,20280.0
374,2019-07-29 00:34:37,9945399730232636,fraud_Keeling-Crist,entertainment,324.51,Jeremy,Brown,F,7822 Main St,Chicago,CA,34730,41.42656573442392,-86.65597804932202,892740,Engineer,1961-02-02,09771791a60dbbf98ff20d1afe3b9ca4,1564360477,41.4076847014643,-86.3050528659419,0,
375,2019-06-27 17:47:38,2946627838707085,"fraud_Kutch, Hermiston and Farrell",grocery_pos,32.66,Jennifer,Khan,M,261 Main St,Los Angeles,AZ,77285,43.52802209725363,-69.85894493334754,355273,Manager,1999-07-31,844bbf5a990adbbe945a3f30f1f7d04e,1561657658,43.1764600969024,-69.79109723685734,0,
376,2019-04-28 23:38:46,1393641869567518,"fraud_Rippin, Kub and Mann",entertainment,28.11,Jeremy,Garcia,F,5991 Main St,Phoenix,IL,41448,27.207764096804137,-110.72557434771211,915069,Manager,2003-10-03,33540b68908aa85d066fc13d45fc8220,1556494726,26.77816391515847,-110.37647913259994,0,12732.0
377,2019-07-21 05:44:43,6829741189491363,fraud_Lind-Buckridge,entertainment,444.9,Sarah,Smith,M,9533 Main St,New York,IL,84075,33.24895277818787,-123.88752947469195,629340,Engineer,1990-07-21,743b2ae317c1113022eb5cb546954c73,1563687883,32.87921219829169,-123.61872147879099,0,17075.0
378,2019-04-20 00:33:11,7260444695028080,fraud_Keeling-Crist,shopping_pos,25.25,Jeremy,Khan,M,4932 Main St,Los Angeles,IL,37238,32.2487904414825,-95.15088463506918,873759,Accountant,1961-09-27,7f922de78bc7b9151d25c58a3554fad7,1555720391,32.12723123670215,-94.93603612056788,0,40141.0
379,2019-07-05 12:01:22,274269242544485,"fraud_Heller, Gutmann and Zieme",entertainment,57.04,Emma,Khan,M,1136 Main St,Phoenix,AZ,67951,25.051017969599428,-99.067915888018,210080,Manager,1950-02-09,92f0c1f326af675a83507999681efbb2,1562328082,25.501234571529757,-99.14063434011457,0,92207.0
380,2019-05-20 14:34:01,9738653669319278,"fraud_Kutch, Hermiston and Farrell",misc_pos,174.75,Stephanie,Patel,M,943 Main St,New York,TX,51573,29.359178487388043,-106.59196396244982,931452,Manager,1983-01-10,8c9b5d50e33327c607d9274faccebf5a,1558362841,29.37398140342439,-106.17897675181679,0,69477.0
381,2019-01-29 23:40:58,9078723478167271,fraud_Keeling-Crist,misc_net,450.94,Daniel,Brown,F,989 Main St,New York,IL,47840,28.472813560637835,-90.41934698396386,853231,Driver,1965-08-20,bc2fa7b03301cee6d597ff256d5a4a47,1548805258,28.77324347016448,-90.33934029336461,0,
382,2019-07-20 02:43:25,8142854596785143,fraud_Keeling-Crist,misc_net,466.86,Michael,Brown,F,736 Main St,New York,IL,89267,47.872512371820264,-111.02097380918809,893785,Developer,2002-06-27,cb30b564383cd0f14c8721b8e6ac4525,1563590605,47.88451714546333,-111.42290642137947,0,
383,2019-05-03 04:38:55,5211282551104152,fraud_Keeling-Crist,food_dining,315.46,Edward,Garcia,M,8319 Main St,Phoenix,TX,81612,41.87682058548548,-123.65904604032609,671361,Nurse,1969-12-25,275588c089bf836c9c412860ad28687e,1556858335,41.59865611763446,-123.46225651804924,0,
384,2019-07-29 09:05:10,6820649921043507,fraud_Lind-Buckridge,shopping_pos,291.28,Edward,Khan,M,1606 Main St,Houston,CA,51558,35.602322761547676,-97.36640718930673,886461,Accountant,1971-01-22,12a62c18fe06c4795edf2672bed94081,1564391110,35.71634867508015,-96.90575822244864,0,26779.0
385,2019-04-01 10:41:51,1640545810168740,fraud_Lind-Buckridge,entertainment,201.1,Michael,Brown,M,4807 Main St,Phoenix,CA,98655,34.353982837807706,-113.7347861064278,355504,Accountant,1960-09-08,8bb9f4b51485eec68d67602758daf8f1,1554115311,33.985577495776305,-113.44274619228135,0,
386,2019-02-13 18:23:05,2012256024660753,"fraud_Kutch, Hermiston and Farrell",misc_pos,384.79,Emma,Khan,F,9013 Main St,Los Angeles,CA,74868,43.15488286664405,-82.58640689078965,629687,Engineer,1971-05-05,8e1ba8574627f8a60f76f70c421430a2,1550082185,42.87653008584306,-82.10372079477456,0,36351.0
387,2019-07-14 12:01:28,3543530693683853,fraud_Lind-Buckridge,entertainment,488.71,Jeremy,Khan,M,8037 Main St,Houston,IL,37790,31.324207186182637,-118.85089735154703,185793,Engineer,1961-05-20,62d45f282870cc9b5bd73ea309af0b79,1563105688,31.11384259745361,-119.1526827298889,0,
388,2019-05-04 00:56:50,5009291460316821,fraud_Keeling-Crist,misc_net,347.22,Jennifer,Gill,M,857 Main St,Chicago,CA,89074,44.3962958160206,-115.68836688913996,110882,Teacher,1950-11-01,cd53e5136f67933570cf593fd32e9c02,1556931410,44.39440158994932,-115.51378739635194,0,
389,2019-05-02 00:03:23,5996272058259619,"fraud_Heller, Gutmann and Zieme",misc_net,411.04,David,Smith,M,5084 Main St,Phoenix,NY,82639,34.30336379232712,-85.3265233482131,966861,Psychologist,1993-01-23,16ebd3e36dd897fbf08d38a6f12e7b75,1556755403,34.174928892118196,-85.75047673272174,0,85898.0
390,2019-05-11 04:28:54,8662781262073196,"fraud_Heller, Gutmann and Zieme",misc_net,119.49,Sarah,Gill,F,3267 Main St,New York,IL,40751,30.346893499570495,-116.72619261980347,77068,Teacher,1971-09-15,da958f3bdbbbd83809eac22a1eacc9e8,1557548934,30.01093856846412,-117.00988489124725,0,72637.0
391,2019-08-04 05:15:24,2054381375539497,"fraud_Kutch, Hermiston and Farrell",food_dining,278.7,Emma,Garcia,M,7574 Main St,Los Angeles,IL,13354,29.62811296457039,-114.69727489898668,416748,Driver,1976-12-21,fb08bbaab16dfa7f7408783db619bec1,1564895724,30.10830316998975,-114.9397992793244,0,52214.0
392,2019-01-23 18:50:14,4347892356356354,"fraud_Heller, Gutmann and Zieme",shopping_pos,415.69,Tyler,Khan,F,374 Main St,Chicago,NY,45149,29.205136613685976,-118.0956244522448,513509,Engineer,1980-10-11,32dd27512f29440d697415b05c1cc666,1548269414,29.172187868609697,-117.74629864856199,0,
393,2019-08-16 11:39:09,4011736999573261,"fraud_Heller, Gutmann and Zieme",entertainment,96.93,Stephanie,Brown,M,1675 Main St,Houston,AZ,16137,29.718779880814314,-97.78017250021935,200880,Driver,1996-12-18,1c118741b169c0f624cc27f416696c89,1565955549,29.951335593515804,-97.76435689899047,0,29942.0
394,2019-06-05 13:10:40,8894546744290264,"fraud_Heller, Gutmann and Zieme",gas_transport,167.04,Michael,Khan,M,783 Main St,Chicago,NY,77902,28.027645417361093,-103.56275332141995,984248,Accountant,1958-03-14,6d894673add9fbc992ba655473c18955,1559740240,27.593431126443267,-103.3046972205952,0,82923.0
395,2019-02-06 00:04:25,5985795651898543,"fraud_Rippin, Kub and Mann",food_dining,213.44,David,Gill,M,6855 Main St,Phoenix,IL,77838,35.843757664517824,-82.00596515962997,481366,Psychologist,1977-09-11,8b90bb1822179f6a4cd688cef5302de1,1549411465,35.89629023874135,-81.9534027404885,0,
396,2019-07-25 08:06:05,5787758486814836,"fraud_Rippin, Kub and Mann",shopping_pos,350.9,Michael,Banks,F,4014 Main St,Houston,NY,87086,38.16619565674991,-88.12087712253825,241032,Psychologist,1970-05-19,419ee1c8f119f2b10cafee3f966a9e8a,1564041965,38.605559729773766,-88.07574187289988,0,
397,2019-08-19 15:04:49,7066835384648135,"fraud_Heller, Gutmann and Zieme",entertainment,361.99,Tyler,Garcia,F,7264 Main St,Los Angeles,CA,56416,32.98459225247585,-92.7365078900657,121661,Nurse,1971-02-07,647a3d00118da085496b25eb9c19d140,1566227089,32.57981640579978,-93.06928435804868,0,
398,2019-02-10 20:20:42,3898834018843861,"fraud_Kutch, Hermiston and Farrell",misc_pos,378.16,David,Garcia,F,8287 Main St,Chicago,IL,30575,48.53437113943822,-102.88181133923585,315407,Nurse,1996-07-06,086b93d6c3dc0a04a30f2c3182193086,1549830042,48.66432917780357,-102.61910451433967,0,40881.0
399,2019-06-05 09:57:27,9124911662674188,"fraud_Kutch, Hermiston and Farrell",grocery_pos,307.83,Edward,Banks,M,5090 Main St,Los Angeles,NY,91425,32.291916909600445,-71.84821067622394,483506,Manager,1957-09-27,9e3abb49566216496d44e6ea22373b59,1559728647,32.33412003972638,-71.65238538965146,0,
400,2019-02-27 12:52:49,9282644203929626,fraud_Keeling-Crist,gas_transport,473.54,David,Garcia,F,4882 Main St,Phoenix,IL,36772,29.359076247115823,-110.70748277140923,260748,Psychologist,1978-11-16,ae201f31264664c291d2da36b259a49c,1551271969,29.53422676634345,-110.6459734521446,0,
401,2019-02-12 08:16:26,2092198258339983,fraud_Lind-Buckridge,food_dining,489.04,Edward,Smith,F,5734 Main St,Los Angeles,CA,73466,30.804576457896385,-103.81212943348072,26034,Driver,1965-12-22,eacd97317c1dd248de67f674ef5838cb,1549959386,30.634288572112663,-104.28660903896802,0,52040.0
402,2019-07-22 16:34:16,2932462071413149,"fraud_Rippin, Kub and Mann",misc_pos,234.43,Emma,Brown,M,576 Main St,Los Angeles,NY,58380,41.267612759896,-100.34967201988395,168741,Nurse,1973-03-11,ef9ea65637eb9588855befc340a82d84,1563813256,40.89537592520724,-100.3203075491823,0,82961.0
403,2019-08-16 09:00:13,8578964445344428,fraud_Keeling-Crist,shopping_pos,139.98,Jeremy,White,F,5175 Main St,New York,CA,98608,43.97244714858798,-102.04983375997507,856138,Driver,1955-10-29,6ccefbf4155f1aa30f5eb00e24888cde,1565946013,44.47225273093962,-102.36813014971042,0,
404,2019-08-15 08:35:22,1235114047686373,"fraud_Rippin, Kub and Mann",gas_transport,17.22,Tyler,Smith,F,373 Main St,Los Angeles,NY,55399,30.649406585704796,-108.59687446384162,231542,Driver,2000-08-12,ef8408c5476070b4d9a87c7a724d9f65,1565858122,30.334449053915538,-108.38096258664295,0,
405,2019-03-18 04:23:13,4146012199460753,fraud_Lind-Buckridge,entertainment,318.81,Michael,Garcia,M,7916 Main St,Houston,IL,83562,47.598946227556404,-85.68195363644035,245537,Accountant,1950-11-30,7c344a9ce0d255f7afd600c227a34d4f,1552882993,47.18812056830119,-85.23067998482831,0,34869.0
406,2019-07-19 06:45:34,8764910713906365,fraud_Keeling-Crist,gas_transport,333.55,Jeremy,Banks,F,760 Main St,Houston,AZ,87204,29.25829353896409,-121.8145945202641,486838,Manager,1958-07-22,fa2bd31b6374b6b12e2fcdd017465a86,1563518734,29.15645346945102,-121.74641416277501,0,20695.0
407,2019-03-10 19:24:05,3366229062504095,fraud_Lind-Buckridge,gas_transport,276.04,Jennifer,Gill,M,1632 Main St,Houston,NY,64940,33.97373302050927,-71.76799956570198,600441,Nurse,1955-07-27,b87144b2634f5b2882fc7c77f86afdfe,1552245845,33.672431869624475,-72.18443676064162,0,
408,2019-04-15 05:02:00,9639104240486289,fraud_Keeling-Crist,food_dining,229.36,Michael,Gill,F,9331 Main St,New York,TX,36697,40.95771107338794,-113.30892167379923,728587,Accountant,1964-08-10,5b2a650d45268eb6c0b4c03cf98c8f46,1555304520,40.98170225433667,-113.25329896707237,0,16632.0
409,2019-01-21 19:06:49,1916390105181436,"fraud_Heller, Gutmann and Zieme",misc_pos,118.63,Edward,Brown,F,7416 Main St,Chicago,NY,38270,39.36673244673141,-92.07060339868502,980568,Manager,2003-07-06,d9bfaf5340c807071afe284277cc5155,1548097609,39.31299796871289,-91.89850979244218,0,
410,2019-05-14 10:40:47,9692385681328545,fraud_Lind-Buckridge,entertainment,66.61,David,Smith,F,605 Main St,Los Angeles,CA,46782,39.37993928845121,-79.45242851719266,591418,Psychologist,1996-12-04,aefb5d6cc53333f5c4cb931e539c0c49,1557830447,39.32797736683549,-79.49244044046338,0,20022.0
411,2019-02-08 03:50:51,2625255232231600,fraud_Lind-Buckridge,shopping_pos,1817.36,Daniel,Patel,F,5356 Main St,Phoenix,TX,13677,29.595004848122134,-90.67100015325641,419641,Developer,1980-05-06,aa27a2012db326ae3aac027408484ce4,1549597851,29.295964789767766,-90.43968690068301,1,
412,2019-04-13 22:22:02,9140323485271162,"fraud_Heller, Gutmann and Zieme",entertainment,47.58,Edward,Brown,M,4522 Main St,Houston,TX,44401,29.530863520416947,-94.8267773739814,946824,Driver,1955-04-10,95e47fbdd67ebfdea0139fe51b0bb116,1555194122,29.490762951322026,-94.86888942691323,0,
413,2019-08-16 03:08:46,9783418730883106,"fraud_Rippin, Kub and Mann",misc_net,223.94,Stephanie,Sanchez,F,9713 Main St,New York,CA,29472,30.475377822840983,-86.26355159076098,527874,Engineer,1971-05-09,a5ef44d87a42334b0f35aaef61366a89,1565924926,30.087374237758233,-86.25383167572815,0,77850.0
414,2019-08-12 00:22:47,7302043708984671,fraud_Lind-Buckridge,entertainment,402.34,Tyler,Khan,F,1416 Main St,Phoenix,TX,80327,46.108617999101035,-123.70721372816867,841124,Driver,1978-08-26,06a5a6c532ad54f9bc050baa9eefc14e,1565569367,46.195587463859916,-123.97361645620056,0,47294.0
415,2019-08-18 21:43:19,4458416480298360,fraud_Lind-Buckridge,food_dining,428.09,Daniel,Gill,F,2741 Main St,Los Angeles,CA,12845,40.71747549193719,-89.23670219851527,675319,Developer,1974-10-06,9aff6561effbcfd4c477117646011f55,1566164599,40.81915300750224,-89.40592704780241,0,
416,2019-05-02 13:53:42,3478909488289206,"fraud_Rippin, Kub and Mann",grocery_pos,186.2,Sarah,Garcia,M,8755 Main St,Phoenix,IL,86321,32.77331190286518,-89.13237196501731,813399,Accountant,1989-07-05,82d8421ab94779e968de2be633495c93,1556805222,32.41133286436613,-88.80421665149565,0,
417,2019-02-08 04:28:39,5664166467788920,"fraud_Rippin, Kub and Mann",gas_transport,180.83,Daniel,White,F,378 Main St,New York,TX,99851,25.50847238852389,-77.54607267163084,48921,Developer,1997-09-15,a02258744ba3117c6a5f835b963a101c,1549600119,25.31008301395526,-77.23888954048972,0,
418,2019-06-23 00:46:00,4533158672486943,"fraud_Heller, Gutmann and Zieme",grocery_pos,270.27,Emma,Patel,F,8188 Main St,Phoenix,AZ,85856,30.509453420767592,-68.15722294168935,499139,Accountant,1998-07-10,81f7a43532f843d891de39b52b893226,1561250760,30.591271465138373,-68.4803687237476,0,37785.0
419,2019-03-31 19:12:44,2889418252575437,fraud_Keeling-Crist,misc_net,138.03,David,Patel,M,7172 Main St,Los Angeles,NY,97467,33.49979059756846,-94.00737654681922,346968,Driver,1972-05-20,4cb2a63006f38b7764c5cd3773c7c927,1554059564,33.09194541195407,-94.1198840986039,0,29938.0
420,2019-01-07 09:49:02,9603394174888305,"fraud_Heller, Gutmann and Zieme",misc_pos,67.92,David,Smith,M,4193 Main St,New York,NY,59400,31.680822061339498,-118.32511058035367,335874,Engineer,1968-03-06,797178aeea7f80afc7cdc85a3d3aa025,1546854542,32.07600705277644,-118.6219445044854,0,
421,2019-04-07 18:00:56,9115705286886527,"fraud_Kutch, Hermiston and Farrell",misc_net,183.51,Sarah,Banks,F,3773 Main St,Houston,TX,10303,33.956075100189395,-119.96946001021634,7300,Psychologist,1979-06-27,dfb02599612b848639848ab03acca906,1554660056,33.975108951206,-119.94023151580836,0,
422,2019-05-30 21:00:17,8233090377207510,"fraud_Heller, Gutmann and Zieme",entertainment,30.92,Michael,Sanchez,F,2218 Main St,New York,NY,40715,32.632127592222794,-78.95982760819065,944332,Psychologist,1974-10-28,482a570bfaab3ba63cfe406a8b239541,1559250017,32.84213922768856,-78.9127298952778,0,18299.0
423,2019-06-28 10:19:02,6686804776838100,fraud_Keeling-Crist,misc_pos,296.72,Stephanie,White,F,5962 Main St,Houston,AZ,76012,26.316256490392337,-80.39787447620364,675641,Manager,1991-04-23,fe65235624f905aea73505e97aa7e3d1,1561717142,26.545601323403375,-80.70183905274662,0,
424,2019-02-15 02:05:33,7155884210186896,fraud_Keeling-Crist,misc_pos,20.01,Jennifer,Singh,M,5308 Main St,Chicago,IL,34719,41.10962493081193,-109.87088077119387,765702,Manager,1955-03-23,aee282e1654c7e2c20b91f7e7439e348,1550196333,40.97061818290208,-109.70081827910228,0,
425,2019-08-17 12:53:43,7569829400315024,"fraud_Heller, Gutmann and Zieme",shopping_pos,342.45,Tyler,Sanchez,M,2203 Main St,Phoenix,IL,69367,28.080823863829394,-74.07273948053364,17997,Teacher,1956-06-26,8a8d0da852bb444e09852c5ec32de221,1566046423,28.46716187061582,-74.38999827663088,0,94339.0
426,2019-03-03 07:30:46,5021173739568269,"fraud_Heller, Gutmann and Zieme",food_dining,328.88,Stephanie,White,M,5539 Main St,Phoenix,NY,44291,44.950805927548956,-70.17343821984144,512854,Teacher,1992-12-09,be2fbb5013ccf9a4903e1481606fe5d6,1551598246,45.169729549741085,-69.69171836724622,0,
427,2019-05-21 14:16:56,8063992884228106,"fraud_Heller, Gutmann and Zieme",misc_pos,454.29,David,Smith,F,5787 Main St,New York,AZ,54916,38.940617741577,-87.6634380884297,224712,Developer,1961-05-10,d7ad29f21790a79ddbc16ce26e9cca91,1558448216,39.23336342848172,-87.45854986568371,0,18479.0
428,2019-02-04 02:16:31,5393546670869369,"fraud_Heller, Gutmann and Zieme",gas_transport,187.65,Tyler,Banks,F,3115 Main St,Chicago,IL,49636,43.47573014452411,-123.71079291402343,255366,Manager,1991-11-04,9e8d5c8dffb89c2eab6902e2937e86b5,1549246591,43.35812015650186,-123.82594787588539,0,79188.0
429,2019-03-09 21:27:50,9339138917987745,fraud_Keeling-Crist,misc_net,495.84,Emma,Brown,F,1078 Main St,Houston,AZ,65086,42.532318717681676,-92.1572089810985,48485,Engineer,1967-10-11,34cedd8785816f4ab0263325e15f8d7d,1552166870,42.739437862912936,-92.23526751671895,0,
430,2019-06-13 09:50:15,731954240931921,"fraud_Rippin, Kub and Mann",shopping_pos,430.75,Jennifer,Singh,F,8936 Main St,New York,NY,72242,40.63905133203308,-98.08122851358594,805610,Driver,1952-05-26,5ad5fd2c10db60d80ea99688ac1a4a9e,1560419415,40.7419857503846,-97.73944558623167,0,22400.0
431,2019-05-20 11:50:37,8575420614940056,fraud_Lind-Buckridge,misc_pos,51.79,David,Smith,M,8548 Main St,Phoenix,TX,62977,48.197785266531916,-71.23615926000635,545138,Driver,1992-01-08,c3ae60c042b63a6767eca0f670bb2d13,1558353037,48.66571950845484,-71.09368312524931,0,69285.0
432,2019-04-03 07:29:05,5289926437212548,"fraud_Kutch, Hermiston and Farrell",grocery_pos,438.33,Stephanie,Patel,F,3538 Main St,Phoenix,NY,60473,42.3106777715967,-90.5290620072017,497265,Teacher,1982-11-29,6178e0e28bd4ddcdba547231cd970f83,1554276545,42.563153866636355,-90.43803642421547,0,77428.0
433,2019-01-11 11:42:47,3406818696998269,fraud_Keeling-Crist,shopping_pos,478.54,Edward,White,M,9935 Main St,Chicago,AZ,50649,37.20421335418456,-91.2557573112396,647826,Accountant,1977-06-27,c43815c48ccdc7037acab914032b6195,1547206967,37.25954387992811,-91.65731355119311,0,81875.0
434,2019-03-02 01:50:01,4243896764426355,"fraud_Kutch, Hermiston and Farrell",shopping_pos,256.7,Edward,Banks,F,1129 Main St,Chicago,AZ,68325,36.30426307044147,-86.50490201908706,552202,Developer,1999-06-01,55c52a210315db4f7ac9861cf970a2d1,1551491401,35.82828880688342,-86.18960328087516,0,45575.0
435,2019-04-06 08:10:14,4399499972621610,fraud_Keeling-Crist,shopping_pos,498.88,Jeremy,Smith,F,2344 Main St,New York,IL,54152,41.575889247315615,-93.84583601603943,933064,Nurse,1969-07-28,f2f96cf049af7d90460c1f4ba6f926e3,1554538214,41.23923818498507,-94.08317277042285,0,69387.0
436,2019-06-17 05:36:30,8574161591508170,"fraud_Kutch, Hermiston and Farrell",entertainment,448.54,Stephanie,Singh,F,1280 Main St,Phoenix,NY,33470,41.915707603320215,-97.96343107745258,691915,Driver,1958-04-30,9b610b31864e9ca971e5b017e698ddf9,1560749790,41.842816014176755,-97.46706212300928,0,45188.0
437,2019-01-02 10:39:42,8101056589186222,fraud_Keeling-Crist,food_dining,284.16,Daniel,Brown,M,6003 Main St,New York,IL,51207,37.871616317291554,-122.0063361244232,111779,Engineer,1955-04-19,5c7eaa2dd380426357839d0af4ebf316,1546425582,38.047013746447675,-121.67743854461602,0,41029.0
438,2019-01-24 00:59:23,7500088992880830,"fraud_Rippin, Kub and Mann",misc_pos,388.03,Edward,Banks,M,6232 Main St,Houston,AZ,84683,31.2800180134894,-121.74663197246737,646275,Driver,1987-08-14,2ded1b25368763d2d6b7d6b32a3e32c0,1548291563,31.24663761322159,-121.41803721557265,0,92146.0
439,2019-06-10 09:42:30,650427645270032,"fraud_Kutch, Hermiston and Farrell",entertainment,234.94,David,Patel,F,1091 Main St,Chicago,AZ,41165,37.75442279157976,-90.46942773735296,445090,Nurse,1968-11-21,b7b91104a3be8d304c36d34c1c2e4dbd,1560159750,37.34529355700857,-90.9297652774332,0,
440,2019-01-28 21:20:44,709859292617236,"fraud_Rippin, Kub and Mann",gas_transport,263.42,Emma,Sanchez,M,2221 Main St,Los Angeles,AZ,46279,36.66194718939553,-92.07086091079186,484144,Teacher,1992-08-07,c2cf4ef74371ab6acdc34a540c44e156,1548710444,36.270168656075704,-92.25241024993238,0,23517.0
441,2019-06-22 06:11:12,1173692949959851,"fraud_Heller, Gutmann and Zieme",gas_transport,295.47,Michael,Sanchez,F,3757 Main St,Phoenix,TX,65647,37.85684972527249,-114.01611753852616,712591,Nurse,1980-02-27,b5aa17df7ddcb811bb042bcd40fc1149,1561183872,37.718607413145776,-114.0288842913596,0,68081.0
442,2019-03-20 07:01:32,7183149599160055,fraud_Keeling-Crist,gas_transport,1223.57,Michael,White,F,2088 Main St,Chicago,NY,76721,43.771578413527514,-78.74885166103991,530121,Nurse,1956-12-06,121569a062dd5928ddab1e738d316623,1553065292,43.93216327742007,-78.2844550545335,1,35880.0
443,2019-02-25 17:09:47,9597208551845613,"fraud_Kutch, Hermiston and Farrell",food_dining,291.55,Sarah,Garcia,F,8786 Main St,Los Angeles,CA,85229,44.81186093892099,-87.74920236361362,512453,Accountant,1990-05-23,95a9613b5ba84afac883b44fbf72e7a6,1551114587,44.7399589367742,-87.31387308652339,0,
444,2019-01-22 07:57:25,9357641236088903,fraud_Keeling-Crist,misc_pos,53.36,David,White,M,5694 Main St,New York,IL,92307,48.48497164884757,-110.0554484254187,210540,Nurse,1979-06-29,c76c5af9191c56c97c073414e7037c63,1548143845,48.44810372012651,-110.27774895400792,0,27828.0
445,2019-07-06 18:28:05,7449452705664988,"fraud_Kutch, Hermiston and Farrell",food_dining,236.96,Edward,Khan,F,212 Main St,Chicago,NY,40682,36.04867876020446,-76.80928065867346,578874,Driver,1994-07-21,994e5bf6eaa14946e08b744f06b39092,1562437685,36.12924186732969,-76.6623624712773,0,12017.0
446,2019-06-06 04:01:24,6189506754373219,"fraud_Heller, Gutmann and Zieme",misc_net,151.96,Jeremy,Patel,F,5207 Main St,Los Angeles,AZ,76870,47.95743256718204,-105.9832647140307,605954,Accountant,1973-07-06,6b5d07cb6f78bd63e09077aab0043af0,1559793684,47.90191976990282,-106.07368479637182,0,
447,2019-07-17 09:35:20,6574775655633446,fraud_Lind-Buckridge,gas_transport,35.85,Tyler,Garcia,F,1889 Main St,Chicago,NY,61306,37.610678810926245,-80.14078986544055,863125,Developer,1990-04-02,35701eafa9790b08c64f0d59a7f051c2,1563356120,37.882018422841384,-79.82875697692674,0,58458.0
448,2019-07-27 02:29:19,6791663460875571,"fraud_Rippin, Kub and Mann",grocery_pos,342.26,Jennifer,Banks,F,7263 Main St,Houston,TX,44059,48.8857815752865,-78.16436388264947,501487,Engineer,1958-05-28,793763ff5212a2f60a52863664846821,1564194559,49.357664200538466,-78.59608846926112,0,
449,2019-08-02 03:32:49,8097436288246250,"fraud_Heller, Gutmann and Zieme",shopping_pos,476.9,Stephanie,White,F,1754 Main St,Houston,TX,88974,46.735537115341714,-70.24748072485386,44209,Engineer,1986-07-15,8aa2be2099b4b8b3090d29f0a88f3718,1564716769,46.362606811671135,-70.20355190746304,0,95756.0
450,2019-07-23 08:56:58,4929711077216210,"fraud_Rippin, Kub and Mann",misc_net,923.19,Sarah,Smith,M,9471 Main St,Chicago,AZ,86209,32.86496368833318,-111.0466951115868,629591,Psychologist,1959-11-20,144bb546e51391f7d1aad220351ea263,1563872218,32.93351140726958,-110.5500285481923,1,83966.0
451,2019-01-23 03:20:08,7694648478944081,"fraud_Kutch, Hermiston and Farrell",grocery_pos,255.8,Edward,Singh,F,524 Main St,New York,AZ,47128,40.34013650893474,-86.85888514741583,211131,Driver,1971-01-14,703463f7e38bb0a045d4b3fae4c5bc3d,1548213608,40.80147685664228,-86.51943770049655,0,84551.0
452,2019-05-19 18:37:10,9244026221852620,"fraud_Rippin, Kub and Mann",gas_transport,458.62,Emma,Sanchez,M,299 Main St,Los Angeles,IL,58447,39.83969545461939,-83.58085707525699,176011,Driver,1980-01-11,c0c2506221db06a1d073a555bab7d0b2,1558291030,39.44397101412482,-84.02242501985702,0,36105.0
453,2019-02-21 22:48:20,6085308771902660,fraud_Keeling-Crist,shopping_pos,133.3,Stephanie,Gill,F,4208 Main St,New York,CA,74501,46.101177694870884,-96.99994048850027,379379,Accountant,1986-10-17,8c4144716c460b2e3ebaa40c6651bec6,1550789300,45.98818547977682,-97.02820712304413,0,
454,2019-05-17 21:22:15,466676211039544,"fraud_Kutch, Hermiston and Farrell",misc_pos,143.56,Michael,Brown,F,5459 Main St,Chicago,AZ,83254,44.61572789317709,-75.13566122330582,286226,Engineer,1960-02-11,ea5efa3b54d38f7dc8cb36adcebe7334,1558128135,45.062571406621444,-75.04995135104534,0,
455,2019-08-09 03:07:40,6701740699364710,fraud_Keeling-Crist,gas_transport,376.17,Stephanie,Garcia,M,5060 Main St,Los Angeles,NY,47768,44.90764114909783,-95.6719670551547,199483,Psychologist,1961-10-10,1f5d029f7ae7e142bd04a1534cf550e7,1565320060,44.552786916159114,-95.76708353286537,0,
456,2019-01-15 08:44:15,9738646684822542,fraud_Lind-Buckridge,food_dining,358.64,Daniel,White,M,9569 Main St,Los Angeles,AZ,93836,42.73891149179337,-75.75937288364874,872334,Psychologist,1976-08-12,2720df703e82042ce00bf840afc5260c,1547541855,42.70238717047285,-75.67289100762642,0,
457,2019-07-15 01:07:03,2567180705637558,fraud_Lind-Buckridge,entertainment,478.59,Daniel,Gill,F,1992 Main St,New York,TX,13168,46.06661642930849,-94.72237005745788,859367,Accountant,1977-01-16,37772c901f235c7520a5a52b443e8f5e,1563152823,46.321466700176465,-95.17532389865272,0,
458,2019-07-10 21:42:32,2285480896552544,"fraud_Rippin, Kub and Mann",misc_pos,2201.23,David,Patel,M,3979 Main St,Chicago,CA,46945,33.867088279264436,-117.17430740123267,614163,Psychologist,2001-10-25,ee7b1278c6ab54ffe7aa5878f7cc84cd,1562794952,34.015437412182905,-117.53713987654207,1,
459,2019-03-18 11:53:31,2130137522302129,fraud_Lind-Buckridge,shopping_pos,206.73,Daniel,Gill,F,1633 Main St,Los Angeles,AZ,16342,41.56409519917729,-70.44064743790489,898120,Developer,1954-09-16,05cfe2cbe1adc50a012f257c10241d3c,1552910011,41.94665826145537,-70.11698795969716,0,
460,2019-05-23 19:33:57,7710278238046610,"fraud_Rippin, Kub and Mann",shopping_pos,37.61,David,Banks,M,1432 Main St,Houston,NY,41978,38.9279127930546,-71.38102345720411,803666,Psychologist,2003-06-03,051206cef9fac2b56b5835f778884668,1558640037,38.855960132837666,-71.41200026429502,0,76252.0
461,2019-06-15 20:06:06,4421764631846736,"fraud_Heller, Gutmann and Zieme",entertainment,478.26,Tyler,Banks,F,2940 Main St,Phoenix,IL,40710,28.058170066520837,-87.190421070888,839010,Psychologist,1959-04-04,65cb9205fa046104727bc6dde91f8cfd,1560629166,27.606834692115683,-87.17753861516255,0,
462,2019-06-10 18:23:33,6965342704291197,"fraud_Kutch, Hermiston and Farrell",misc_pos,197.91,David,Singh,F,302 Main St,Phoenix,IL,61766,27.102232733424174,-91.59557648325764,301536,Accountant,1990-04-06,a9f2b72246aac8dcdf4f7fc5aa3a2a2d,1560191013,27.237673550483922,-91.67306883624468,0,34048.0
463,2019-07-29 08:14:29,6669233801622273,fraud_Lind-Buckridge,gas_transport,24.47,Sarah,Brown,F,6533 Main St,New York,CA,49682,28.125258290321838,-99.90842678107737,698067,Engineer,2003-06-30,e1ab9fb7819e46fb467a0c96bad0657a,1564388069,28.455635501382275,-99.86946743004069,0,
464,2019-06-08 14:36:51,113324614778447,fraud_Keeling-Crist,misc_pos,317.32,David,Brown,M,5513 Main St,Phoenix,NY,10362,32.84330671770562,-117.61090583259163,411869,Accountant,2001-11-07,ee1c1303a9df758558bf4767762344cf,1560004611,33.26759455069931,-117.47648078301114,0,56789.0
465,2019-02-12 13:27:38,8420284321553945,fraud_Keeling-Crist,shopping_pos,151.71,Jeremy,Singh,F,1498 Main St,Houston,IL,97804,42.00409542357038,-96.50417562880953,788778,Psychologist,1964-03-30,d0c86146438d44826accaae9337583b5,1549978058,42.358860542283914,-96.14837572071126,0,38957.0
466,2019-02-02 16:17:32,7468790960088339,"fraud_Kutch, Hermiston and Farrell",misc_pos,1188.98,Michael,Khan,F,4824 Main St,Chicago,AZ,73491,30.465482862922098,-68.61466094904418,982583,Developer,1978-02-04,395c64e73aa8cbe6a88dea6636a0e649,1549124252,30.22052240150617,-68.79597631201219,1,
467,2019-01-13 14:52:38,1792501568391287,fraud_Keeling-Crist,food_dining,480.82,Edward,Khan,M,747 Main St,Chicago,AZ,37846,46.37168267227683,-109.08758489361806,13896,Teacher,1963-09-06,d22b46503396075c3276c5fb39301d22,1547391158,46.14420957305842,-109.46746392728066,0,
468,2019-07-04 20:19:09,4118592541432184,fraud_Lind-Buckridge,misc_net,394.42,Edward,Smith,F,5524 Main St,Chicago,AZ,18483,27.71927138199837,-81.41210097526543,633357,Developer,1950-09-08,66932e1eca347a180a606d3982aeb8d9,1562271549,28.022725705109465,-81.10518253961635,0,33256.0
469,2019-04-11 14:32:35,9340689999436364,"fraud_Heller, Gutmann and Zieme",shopping_pos,365.32,Emma,Gill,M,472 Main St,Chicago,AZ,87873,42.209578932836415,-95.17543617868148,487534,Engineer,1952-11-10,fae989a86bf9ec4815ccc435c03ea0c3,1554993155,42.5983870413853,-95.45690641534041,0,36933.0
470,2019-08-14 04:09:58,2674183869036523,"fraud_Heller, Gutmann and Zieme",misc_pos,73.27,Jeremy,Gill,M,8017 Main St,Phoenix,AZ,23923,28.20213368596384,-119.6010050603225,65058,Driver,2002-06-29,c5cf6d97a61ed8fd20b44cfc5bafdac9,1565755798,28.205175590401446,-119.43119059363076,0,
471,2019-08-14 12:13:45,1873552009391745,"fraud_Heller, Gutmann and Zieme",grocery_pos,294.43,Jennifer,Gill,F,6212 Main St,Chicago,AZ,71506,48.152909772306685,-80.2506388408053,513092,Manager,1956-04-10,aec9b1006dd3f7e30d01956815c749b7,1565784825,48.313629400643485,-80.46943316984179,0,
472,2019-07-29 13:34:39,1390251092944349,"fraud_Heller, Gutmann and Zieme",food_dining,1904.59,Michael,Banks,M,2010 Main St,Phoenix,TX,25452,48.194216772617025,-102.74304253898687,744475,Engineer,1956-03-30,af3f4d5f9ab2794ee0b6b4149b2f3682,1564407279,47.920799757065716,-102.74784713548786,1,84467.0
473,2019-06-27 01:50:52,5863297202932762,fraud_Lind-Buckridge,grocery_pos,372.67,Tyler,Garcia,M,9492 Main St,New York,NY,52692,35.351405180401,-116.03902853309964,113213,Nurse,1971-01-05,5b304eabed08f283429cdf5350222a34,1561600252,35.4981782086365,-116.30339467491441,0,98920.0
474,2019-08-19 10:17:36,1124109038272969,"fraud_Kutch, Hermiston and Farrell",grocery_pos,359.2,Jeremy,Singh,F,223 Main St,Chicago,TX,63684,34.95394371509687,-81.90164766634354,684484,Engineer,1985-07-12,daab6658313c0ec3ea539f28074bc740,1566209856,35.25910607650465,-82.3955166867929,0,
475,2019-07-19 01:51:33,8155380651404636,fraud_Keeling-Crist,shopping_pos,219.26,Jennifer,Banks,M,8884 Main St,Phoenix,IL,25447,36.55812288955869,-82.08400487802086,736840,Manager,1995-05-06,5033d635a98aa49e94f243c94ea6181b,1563501093,36.32832744147573,-81.93099925921321,0,32317.0
476,2019-04-09 09:16:57,5825042466538807,fraud_Lind-Buckridge,gas_transport,509.03,Tyler,Sanchez,M,9692 Main St,New York,IL,62440,42.76807429317016,-115.53819159804046,333510,Engineer,1985-07-05,a90e760f544c7c3a243849f46ba5567f,1554801417,42.81912288096749,-115.89591305546823,1,86826.0
477,2019-03-01 14:31:40,5438791627029967,"fraud_Kutch, Hermiston and Farrell",gas_transport,138.71,Jennifer,Smith,F,291 Main St,Phoenix,NY,87265,29.250518427657052,-102.59865494656503,51524,Manager,1981-01-28,728693209ca0419cca864035b9efd44e,1551450700,28.8613157708987,-102.21522823363799,0,
478,2019-05-27 16:04:16,4483193896085894,"fraud_Heller, Gutmann and Zieme",entertainment,240.84,Tyler,White,M,1309 Main St,New York,AZ,42747,27.610545065546496,-89.68993161279911,808904,Teacher,1963-09-27,42a8abe95d71bd63186e5986b2e842ec,1558973056,27.851622288449697,-89.40979047833021,0,
479,2019-07-05 05:26:29,2834185240488619,"fraud_Rippin, Kub and Mann",grocery_pos,270.02,Tyler,Brown,M,2477 Main St,Houston,TX,20529,36.9729802895856,-101.34617987501443,806499,Accountant,1991-11-22,6e513559313fb473c0e13faf6671dce8,1562304389,37.32283281176517,-101.41428597088701,0,
480,2019-03-28 10:43:44,9511212339265023,"fraud_Heller, Gutmann and Zieme",entertainment,385.28,Emma,Smith,F,6054 Main St,Chicago,TX,90452,34.72318408672471,-90.03168052776235,776307,Driver,1984-03-12,d4451c69d00b243a772825cb8227dc74,1553769824,34.26411744434203,-89.72327507696153,0,
481,2019-05-14 19:10:35,8965740963066534,"fraud_Kutch, Hermiston and Farrell",shopping_pos,96.76,Michael,Sanchez,M,2861 Main St,Los Angeles,IL,77056,30.279377426308788,-69.76374285782384,601154,Psychologist,1990-02-25,888af707ba59391b3cc1ae8d83ec62f5,1557861035,30.758128376605615,-69.67103739109415,0,88098.0
482,2019-07-07 06:25:51,2259828154079714,"fraud_Rippin, Kub and Mann",gas_transport,426.93,Michael,White,F,3490 Main St,Chicago,CA,63436,29.977061763548047,-112.34546692620296,336648,Manager,1952-06-01,083b51f6d08e4e8986c070f4d91ab167,1562480751,29.613093283866466,-112.43591270560617,0,
483,2019-05-27 10:15:23,8526733642839761,"fraud_Heller, Gutmann and Zieme",misc_net,62.16,Jennifer,Patel,F,2591 Main St,Los Angeles,TX,10205,45.7914416109115,-95.54087372897632,49532,Accountant,1970-02-11,04a0198b25acd8dea25ab127500aa634,1558952123,45.55701455937328,-95.2644321105651,0,17070.0
484,2019-03-04 07:57:14,2397848659271310,fraud_Keeling-Crist,food_dining,417.01,Sarah,Brown,F,1231 Main St,Phoenix,IL,24034,32.31840989960711,-121.28636993227269,975670,Psychologist,1986-06-30,3f12f8863c7340e21680664d61428ce8,1551686234,32.67199933051678,-121.12869341581978,0,19028.0
485,2019-02-07 23:07:58,7681490251809628,"fraud_Kutch, Hermiston and Farrell",misc_net,324.88,Stephanie,Banks,M,1093 Main St,Chicago,NY,99862,37.817830537451194,-120.27356906127423,123358,Engineer,1962-06-22,2ab6dd11e4d9f3186ef1dd1ccceab0d8,1549580878,38.12253383491873,-120.40514245149012,0,59525.0
486,2019-01-11 22:20:09,5767205634803838,fraud_Keeling-Crist,misc_net,167.31,Tyler,Brown,F,6794 Main St,Houston,NY,51825,36.71064869550269,-70.69509623066618,149711,Nurse,1996-10-18,5a5d0b8706c5bfc9d7e12bcd5c2dd9c1,1547245209,36.67205308136669,-70.8025177979479,0,99062.0
487,2019-02-26 11:09:45,9931232784870702,"fraud_Rippin, Kub and Mann",shopping_pos,456.91,Emma,White,F,6754 Main St,Phoenix,CA,77807,28.65017196311066,-101.89212623662993,998292,Engineer,1987-04-04,7f3144875a5a0469a4438c609b5528a7,1551179385,28.372682571821745,-102.23024821829449,0,24902.0
488,2019-04-01 14:46:49,3785439738809505,"fraud_Heller, Gutmann and Zieme",entertainment,1882.99,Michael,Garcia,M,2014 Main St,Chicago,CA,26115,37.465879567876065,-93.75261873958868,97372,Teacher,1970-02-17,f86cbe316999c3099072ccc2edfd5102,1554130009,37.17110987817986,-93.71751570100102,1,19485.0
489,2019-07-01 16:56:07,1274323338202265,"fraud_Heller, Gutmann and Zieme",entertainment,58.04,Jeremy,Brown,M,8368 Main St,Chicago,NY,48526,30.853560041169164,-67.14356310967497,162748,Manager,1995-04-07,b1b259df4a8fcf5333e5409fa97e8d01,1562000167,31.220160176955016,-67.06358126518987,0,65410.0
490,2019-04-27 04:10:35,9283194873386078,"fraud_Kutch, Hermiston and Farrell",grocery_pos,132.09,Stephanie,Sanchez,F,3768 Main St,Houston,TX,83296,30.590087049221598,-116.73612728328618,973811,Manager,1966-01-21,ae05a76d50826b53c4ee0f33ee7de8c2,1556338235,30.560011134553363,-116.31293748517948,0,
491,2019-01-09 06:48:31,2063685479769509,fraud_Keeling-Crist,grocery_pos,301.03,Jennifer,Gill,M,2796 Main St,Los Angeles,NY,76383,29.093965325839648,-123.26249007595901,460500,Driver,1996-01-25,46c913ddf509a1758aceebe3fae56f54,1547016511,28.647068812678558,-123.67548774241904,0,89768.0
492,2019-04-23 18:11:05,1250244131605636,fraud_Keeling-Crist,gas_transport,145.39,Jennifer,Gill,F,3599 Main St,Los Angeles,CA,53619,29.807417139959973,-110.92531654510152,115523,Nurse,1962-11-23,8ab7b6101e9ec40b756e6a4c7bf9fce7,1556043065,29.872285775683576,-111.3011525659186,0,50800.0
493,2019-04-05 10:26:00,8850277877878231,"fraud_Kutch, Hermiston and Farrell",misc_pos,238.93,Jeremy,Banks,F,8431 Main St,New York,NY,57697,27.549914893656577,-73.72204900415696,864822,Nurse,1984-06-17,21856a5faa8ff87490e31c27bbad2eec,1554459960,27.752092647321028,-73.41949831740321,0,13264.0
494,2019-01-16 04:42:02,9581780870990590,"fraud_Heller, Gutmann and Zieme",grocery_pos,300.35,Edward,Banks,F,7237 Main St,Phoenix,TX,59190,41.841423697047134,-72.51852379306598,822257,Manager,1954-01-04,750e57bc4bc2626dc316262e4d44e630,1547613722,42.0984992058829,-72.407518359117,0,77761.0
495,2019-02-08 11:17:43,3172382769149254,"fraud_Heller, Gutmann and Zieme",grocery_pos,441.51,Emma,Singh,M,2297 Main St,Chicago,IL,85291,38.26958855194299,-109.94886023324202,662986,Teacher,1963-09-01,4aad152873bee8ec12ae4c458ad4c600,1549624663,37.86909520038262,-110.2818750206434,0,94067.0
496,2019-05-23 09:43:01,8543635151284474,"fraud_Kutch, Hermiston and Farrell",entertainment,32.29,Tyler,White,M,3443 Main St,New York,AZ,55936,43.8255379339726,-73.85912733884882,883631,Nurse,1983-08-26,a35d772b075651fb48ff1189918a0c67,1558604581,44.16453151680622,-73.35996945322663,0,
497,2019-04-27 04:02:50,6788468545123204,"fraud_Heller, Gutmann and Zieme",food_dining,245.08,Stephanie,Sanchez,M,6423 Main St,Los Angeles,TX,13744,43.79185380594638,-96.01575690889148,211839,Engineer,1985-10-29,9019c72349b344b6c81be762b77138ed,1556337770,43.67642781485776,-95.74462637014261,0,74716.0
498,2019-03-27 03:39:16,2273381157502504,fraud_Keeling-Crist,food_dining,489.19,Tyler,Khan,F,1847 Main St,Houston,AZ,61981,27.592666013253925,-114.2095999395151,672460,Accountant,1984-08-13,48e78048506566f46c328132aa1cf805,1553657956,27.865384982432342,-113.98974137595735,0,26819.0
499,2019-04-14 13:02:55,6654164378672174,"fraud_Rippin, Kub and Mann",food_dining,41.97,David,Sanchez,F,5230 Main St,Phoenix,IL,35976,38.969872381028665,-114.58106003238869,605228,Accountant,1985-10-20,d8305973e69cc9c2f9df6553a0a93f61,1555246975,39.2438209165731,-115.04147222926434,0,39052.0
500,2019-08-18 03:13:34,76165852940149,"fraud_Rippin, Kub and Mann",shopping_pos,153.12,Daniel,Brown,F,1052 Main St,Phoenix,CA,81928,30.55010925134592,-92.50182516138513,959672,Psychologist,1979-12-15,477d233b5b1bf6277d3008625eb0b20f,1566098014,30.861796139489158,-92.03421688638149,0,
501,2019-02-16 06:29:42,9246248505603907,fraud_Keeling-Crist,food_dining,248.17,Edward,Sanchez,F,1193 Main St,Chicago,AZ,77273,34.44628375394382,-74.86572779566822,465747,Driver,1986-09-08,c053fed3880b03e930d44f08a8563357,1550298582,34.36509244386354,-74.58813090926299,0,60014.0
502,2019-03-14 11:34:10,4572872157317666,fraud_Lind-Buckridge,shopping_pos,481.09,Edward,White,M,1455 Main St,Houston,CA,92306,33.396713368920004,-98.60624871468335,416598,Nurse,1981-12-18,e554c5344c994fe09778a612b3492e87,1552563250,33.737654068010315,-98.77670528113345,0,
503,2019-04-04 08:34:37,2588316499184888,"fraud_Heller, Gutmann and Zieme",grocery_pos,340.34,Michael,Smith,F,2781 Main St,New York,CA,41572,25.15185894173361,-78.920262981022,332292,Driver,1975-10-19,d09298c5c8bdd96b564477e184007860,1554366877,25.563551230120478,-78.44154375612761,0,
504,2019-05-17 11:29:32,1885173274151140,"fraud_Rippin, Kub and Mann",grocery_pos,242.02,Stephanie,Banks,M,4763 Main St,New York,TX,25250,31.68960177301663,-112.84200862716193,952664,Engineer,1956-02-25,8de1f9b1b31537c29f7f8f12274c1689,1558092572,31.830132902717118,-112.82352851475461,0,
505,2019-04-12 08:02:16,4353374696224383,"fraud_Heller, Gutmann and Zieme",entertainment,1074.73,Daniel,Brown,F,3681 Main St,Chicago,CA,43000,45.74689602068317,-88.32261533784282,851011,Psychologist,1964-08-30,32a42c9e33536613b61fdef74e7f18de,1555056136,45.51194729272338,-88.59775639350147,1,
506,2019-07-28 11:58:14,9852118379904731,fraud_Lind-Buckridge,misc_pos,474.2,Jeremy,Khan,F,6728 Main St,New York,IL,69779,43.1950790175657,-75.95867988018779,192143,Nurse,1950-11-16,2c5822996687432d3ac8afd88f300413,1564315094,42.970092421841,-76.14128495486624,0,
507,2019-01-03 21:39:55,5123551969390755,"fraud_Rippin, Kub and Mann",shopping_pos,263.95,Sarah,Khan,M,5832 Main St,Los Angeles,CA,21480,41.9763954094765,-96.88230435970056,12442,Accountant,1999-06-06,8df1a2780a88b6c414792b91f86b64a3,1546551595,42.27730294159965,-96.64655605736932,0,
508,2019-05-10 04:32:53,4152228940625196,fraud_Lind-Buckridge,misc_pos,293.49,Sarah,Banks,M,5106 Main St,Chicago,AZ,79368,33.82019697234044,-89.35953790016526,742425,Engineer,1958-05-19,d4027a3192b0388204fb25b2c4e55f03,1557462773,33.535212128383726,-88.88761970107831,0,13908.0
509,2019-04-27 19:09:26,9486087425377791,"fraud_Rippin, Kub and Mann",entertainment,413.63,Jennifer,Gill,F,3088 Main St,Phoenix,AZ,41678,47.70664932555909,-109.94979733582358,608459,Accountant,1950-09-10,5caab0a85d87383d6adcf24c232145d6,1556392166,47.92218590772089,-109.58958584614932,0,
510,2019-06-14 13:53:45,7636024788644459,fraud_Keeling-Crist,gas_transport,340.4,Jeremy,Khan,M,4111 Main St,Phoenix,TX,90610,38.4606933481861,-89.12333208660377,576704,Nurse,1965-01-04,f0b337d6f21312086b69d89407992baf,1560520425,38.535536761624826,-88.74563783072605,0,
511,2019-03-25 02:10:42,4204151076148525,"fraud_Kutch, Hermiston and Farrell",misc_pos,220.74,Jennifer,Patel,M,667 Main St,Los Angeles,CA,51202,40.294997133045825,-122.80683077284449,830070,Driver,1995-12-07,140f94831f30ece3613e487b1d3ce121,1553479842,39.86341733129149,-122.98951764450942,0,
512,2019-07-01 05:35:20,6313598936028474,"fraud_Heller, Gutmann and Zieme",misc_net,358.93,Edward,Smith,M,6398 Main St,New York,AZ,17252,27.9272503393585,-121.96640216184393,428920,Accountant,1998-07-08,4a11142d540c5d28e8d42dab4cf94afc,1561959320,27.90075413576869,-121.59542488767018,0,
513,2019-08-19 23:49:10,8435626892467237,"fraud_Heller, Gutmann and Zieme",food_dining,262.56,Jennifer,Garcia,M,4989 Main St,Chicago,CA,70576,39.93776812334158,-85.32906299140218,688636,Accountant,1961-06-29,761baf2671c5e70a7e1047ae931ef94e,1566258550,39.8900077740945,-85.72142348841876,0,
514,2019-08-12 04:00:50,807247608559914,fraud_Lind-Buckridge,misc_net,102.92,Emma,Patel,M,1233 Main St,New York,CA,10635,38.999990998161465,-100.04625937518091,777388,Manager,1995-06-24,01f9cb4c48255238938bf5eaf7dc767e,1565582450,39.44982225984507,-99.60150456995211,0,13082.0
515,2019-05-07 21:34:30,6853894924571331,"fraud_Kutch, Hermiston and Farrell",food_dining,417.38,Daniel,White,F,5672 Main St,New York,AZ,31439,39.62606536546577,-93.06919772294701,926379,Engineer,1987-04-17,c00d8724b5c5be8c0440c0d8108c1796,1557264870,39.632014795488864,-93.08149906451216,0,
516,2019-01-10 01:43:19,6260800608126704,fraud_Keeling-Crist,entertainment,378.24,David,Khan,F,8109 Main St,Houston,IL,27935,26.46423011167759,-103.20344207471368,699737,Driver,1997-12-12,8a5dd7d0f9599fcd08376c2787469866,1547084599,26.470170027515167,-102.82268359577125,0,
517,2019-02-04 17:22:10,4095030134099070,fraud_Lind-Buckridge,misc_pos,203.97,Jennifer,Gill,F,3425 Main St,Phoenix,NY,59813,47.994990324228894,-94.87384466876155,659316,Developer,2001-05-26,71ae6181c2de13dc9cd4e77f7c14477d,1549300930,48.42182694071491,-94.37979078514633,0,
518,2019-06-28 18:45:35,6919248633780182,fraud_Lind-Buckridge,food_dining,6.19,Daniel,Banks,M,6799 Main St,New York,CA,48017,26.914496676477153,-85.06071532988747,177886,Developer,1958-12-01,6c0c5baa2d1242986e3fbb59d3eadb25,1561747535,27.05171736818992,-84.84996417085256,0,
519,2019-04-24 08:35:09,5053091895771549,"fraud_Heller, Gutmann and Zieme",misc_pos,344.88,Jeremy,White,M,3206 Main St,New York,AZ,52079,39.08481589485472,-91.40907607948172,904580,Engineer,1962-11-08,3561f0089cafd260c625754621135167,1556094909,38.721998153405124,-90.9459431285577,0,
520,2019-02-19 23:52:07,4978741280585657,fraud_Keeling-Crist,food_dining,205.6,David,Singh,M,3105 Main St,Houston,NY,95919,33.17086377712234,-103.71158297867294,75215,Developer,1952-09-28,1f65d3d5febf2ae61da38405634ae1ad,1550620327,33.58582549525187,-103.6271257392056,0,65344.0
521,2019-07-14 19:19:45,5349412159834654,"fraud_Kutch, Hermiston and Farrell",gas_transport,297.2,Tyler,Sanchez,F,4888 Main St,Phoenix,NY,93740,30.680889038194135,-83.26203740162323,651531,Manager,1992-02-04,cffe8bd8fb74f915a6f2c89cab25d74f,1563131985,30.198731246201277,-83.62028877844313,0,47229.0
522,2019-07-13 13:30:57,2838631563852224,fraud_Lind-Buckridge,gas_transport,308.56,Michael,Gill,F,7972 Main St,Los Angeles,AZ,42821,36.030347996895536,-72.73983255986529,816711,Teacher,1952-02-13,7a12435c2212a26b401f3936209f6f41,1563024657,36.13283003048611,-72.54842214874502,0,45068.0
523,2019-04-23 19:29:53,2023155396185018,"fraud_Rippin, Kub and Mann",gas_transport,278.39,Jennifer,Brown,M,1911 Main St,Chicago,TX,27977,44.90105611083264,-118.67677020339558,314445,Driver,1950-04-22,394795215ada91400eb2514182ce6ab8,1556047793,45.161270599431234,-119.0389543037909,0,75812.0
524,2019-04-25 13:03:21,4464694718650401,fraud_Lind-Buckridge,misc_net,262.47,David,Patel,F,5233 Main St,Los Angeles,TX,57142,37.17123781578066,-79.49088778834113,649710,Engineer,1959-08-18,2630de73dfb499a3f9e8fb193bf63909,1556197401,37.272022019895466,-79.01644985760677,0,16216.0
525,2019-03-01 00:52:59,3635968141346693,"fraud_Rippin, Kub and Mann",gas_transport,388.99,Tyler,Brown,M,2707 Main St,Phoenix,AZ,85406,31.749407701508673,-86.57266552248724,150464,Manager,1963-03-05,374828bf8f9c1091ce00202e7d606ee3,1551401579,31.9134702300109,-86.64621112950933,0,
526,2019-05-13 16:40:19,6140392007567163,"fraud_Kutch, Hermiston and Farrell",misc_pos,304.45,Michael,Khan,M,772 Main St,Houston,AZ,38964,29.767166928653417,-118.71545173947936,627211,Teacher,1998-01-01,132c3a26f0da4c5bcd7779263624a96b,1557765619,29.29832772265947,-118.57543623497727,0,92292.0
527,2019-01-06 08:01:48,2650773102175964,"fraud_Heller, Gutmann and Zieme",entertainment,212.66,Jeremy,Brown,F,317 Main St,Phoenix,IL,74112,48.381102942592705,-109.74335205316214,938788,Driver,1952-02-18,8bdfa29385e8d14b4b346d85daf6d19d,1546761708,48.32322943822194,-110.01345055175192,0,47410.0
528,2019-05-23 02:10:25,7406888442941390,"fraud_Rippin, Kub and Mann",gas_transport,93.94,Michael,Garcia,F,5093 Main St,Houston,CA,70119,31.17469618985504,-89.27325028535222,726885,Accountant,1999-11-06,8d101f5cbdda64bf51e517bba00415c6,1558577425,31.274111774879064,-88.96332091002975,0,31163.0
529,2019-08-03 19:32:35,462293636223141,fraud_Lind-Buckridge,grocery_pos,229.7,Daniel,Khan,M,9441 Main St,New York,TX,22503,43.48604797578826,-94.3797798883521,54222,Driver,1997-11-03,089cbd2ea406e1c0b87f9dad0433bb7e,1564860755,43.972545470093486,-94.70209789593794,0,53022.0
530,2019-03-15 07:37:29,9154889071020791,"fraud_Kutch, Hermiston and Farrell",grocery_pos,50.52,Michael,Khan,F,6422 Main St,Chicago,IL,71419,31.062772310276664,-93.84228287967667,914345,Developer,1993-07-31,7f9699e0fbcf16ffb101b73a4f115886,1552635449,31.222169501526363,-93.41360284216003,0,33286.0
531,2019-03-30 03:48:03,5429374481091488,"fraud_Heller, Gutmann and Zieme",grocery_pos,469.18,Sarah,Smith,F,8061 Main St,Chicago,CA,12949,29.985622670962606,-70.22542682931545,971603,Teacher,1978-01-27,095250c5bff683e9f9f6c8e2df4bb506,1553917683,29.57464279150638,-70.12824919322767,0,95483.0
532,2019-01-24 12:21:28,6347385401709902,"fraud_Heller, Gutmann and Zieme",misc_net,187.73,Emma,Smith,M,5665 Main St,Houston,AZ,99713,39.75534109355576,-93.2878288337739,877821,Developer,1999-06-05,fdc8298fdbb546379fb8fbb23e36f4e6,1548332488,39.61143399091865,-92.86218458623446,0,
533,2019-01-22 23:43:07,1565031102952481,"fraud_Heller, Gutmann and Zieme",misc_pos,118.69,Sarah,Banks,M,891 Main St,Los Angeles,CA,93932,32.57644486532897,-94.51782263235681,813546,Manager,1982-06-14,e4886231fddaa564cbce8e0cf18a9fc7,1548200587,32.09660389654205,-94.8305157826937,0,
534,2019-05-28 20:13:06,3160049016409703,fraud_Keeling-Crist,gas_transport,383.62,Jeremy,Singh,F,4821 Main St,New York,TX,17280,38.999898950305756,-73.76505290122104,896558,Psychologist,1980-01-06,3e637f340996d6169e2dcdc425526d54,1559074386,38.60761743807774,-73.64001253503618,0,
535,2019-03-31 14:52:42,8269781114828326,"fraud_Kutch, Hermiston and Farrell",gas_transport,24.04,Emma,Brown,F,7852 Main St,Los Angeles,NY,65055,38.21303891866845,-70.69191626279735,150662,Psychologist,1955-09-04,40ca7652452938aeefd70c7564836f8a,1554043962,37.90711121032112,-70.87253421793248,0,
536,2019-08-19 18:59:17,2466052665081921,"fraud_Rippin, Kub and Mann",misc_net,96.85,Edward,Gill,M,7522 Main St,Phoenix,IL,19825,38.32656276903937,-102.63839647740996,250965,Nurse,1981-03-28,2923cdb1c55b13a0a5174de873312791,1566241157,38.08873906297614,-102.21958690736436,0,70369.0
537,2019-02-27 06:30:49,4016202843865011,"fraud_Heller, Gutmann and Zieme",food_dining,367.46,Tyler,Brown,F,6625 Main St,New York,TX,66121,36.941313812558676,-112.47757404733127,798078,Nurse,1973-09-10,95848cf8f696c2aa93f67d483a28b2a4,1551249049,36.838890194707744,-112.70870206370286,0,52294.0
538,2019-08-08 12:15:16,34660756457241,"fraud_Rippin, Kub and Mann",grocery_pos,109.48,Sarah,Patel,M,9833 Main St,Phoenix,IL,70709,33.861866263011315,-115.00721471573634,211793,Driver,1970-04-07,f162b37e4c77e0eb86cd3dca7ca27666,1565266516,34.078993055464906,-114.69047178649778,0,97030.0
539,2019-03-25 13:18:40,3223357175854409,"fraud_Rippin, Kub and Mann",misc_pos,129.04,Michael,White,F,2949 Main St,Phoenix,CA,71931,43.01413464230261,-85.42157776527276,157959,Engineer,1965-01-26,eaaa42721b038a26cd643407e7928d66,1553519920,42.995937010690184,-85.58507922571823,0,98435.0
540,2019-07-27 03:53:44,8530692101788614,fraud_Lind-Buckridge,shopping_pos,361.15,Edward,White,F,5293 Main St,Houston,NY,33163,36.964468828450265,-103.14404783978829,466321,Engineer,1955-08-16,bba1c0a68010fee67851bc955a57508a,1564199624,36.77130368753398,-102.81222004255756,0,
541,2019-02-19 02:49:34,6874477053854893,"fraud_Heller, Gutmann and Zieme",misc_net,251.25,Sarah,Sanchez,F,6203 Main St,Los Angeles,IL,85340,27.879824739513943,-85.54911967186717,609772,Accountant,1988-10-27,8fc2127344a7c35aff4f34a5c3f6f688,1550544574,28.043942668157676,-85.36797122966368,0,
542,2019-02-04 19:24:24,9718903193413241,"fraud_Heller, Gutmann and Zieme",gas_transport,386.2,Stephanie,Brown,F,7789 Main St,Los Angeles,IL,28546,33.55346679982906,-115.29760113383692,913903,Developer,1976-05-02,8c5f892699b5c7550612b2897b7deef2,1549308264,33.30840281220386,-115.46377049670514,0,33620.0
543,2019-04-24 21:42:48,8498228053945564,fraud_Lind-Buckridge,entertainment,119.4,Daniel,White,F,1194 Main St,Houston,AZ,84719,26.109340769588982,-85.6073172699093,353758,Teacher,2002-03-05,340d9809973c5a51f6db9a1aa3a74682,1556142168,26.025422266377745,-86.10081297323346,0,
544,2019-06-29 08:34:27,6224015333409656,"fraud_Rippin, Kub and Mann",gas_transport,255.14,David,Sanchez,F,6015 Main St,Los Angeles,CA,30327,32.560037168024245,-104.48777918003286,171821,Teacher,1992-04-28,090670b01e29fc00b7b6dbd4302c483e,1561797267,32.29150424977551,-104.54050460603865,0,66304.0
545,2019-05-04 09:56:13,5729467638813744,"fraud_Kutch, Hermiston and Farrell",misc_net,172.3,Daniel,Gill,M,4511 Main St,New York,NY,46270,42.131291710015105,-122.10899070440213,877081,Psychologist,1971-09-30,ac007ccf5ceb4920f4731b7d0ac2d59b,1556963773,42.11938155758793,-122.40123808401347,0,61930.0
546,2019-08-10 12:41:30,6501157268770450,"fraud_Kutch, Hermiston and Farrell",grocery_pos,426.54,Emma,Brown,F,5743 Main St,Phoenix,AZ,35386,26.625913530341784,-104.89073394856175,355155,Nurse,1951-02-25,a760dde8324a4daf4dbab14b4af31895,1565440890,26.781514607718133,-104.72487927939986,0,
547,2019-01-01 07:50:17,7885958489582027,fraud_Lind-Buckridge,misc_pos,65.9,Edward,Gill,M,5643 Main St,Houston,TX,17301,29.26469140576968,-118.71356104437503,455411,Teacher,1980-01-08,1b5ae111f9189c3139a20743e9199481,1546329017,29.042838162666804,-118.91082154838959,0,63818.0
548,2019-06-04 04:22:53,6383168090741093,"fraud_Kutch, Hermiston and Farrell",food_dining,455.58,David,Gill,M,3242 Main St,New York,TX,29726,28.826740498862026,-69.46958942254447,18795,Nurse,1963-10-26,29d34352b903fa5008f68d6031392006,1559622173,28.919292075265215,-69.78477894518299,0,50446.0
549,2019-07-15 13:15:46,479166486336699,"fraud_Rippin, Kub and Mann",misc_net,145.87,Sarah,Singh,M,1973 Main St,Los Angeles,AZ,86071,27.995100590467857,-84.33748774353573,526839,Engineer,1995-07-09,35895cb6c9d9f075bffc225ed9cd45d1,1563196546,27.523922507904015,-84.66893979159799,0,
550,2019-06-21 14:53:11,1164372904417245,"fraud_Kutch, Hermiston and Farrell",gas_transport,251.7,Michael,Garcia,F,2156 Main St,New York,AZ,64336,26.47316535603049,-116.51527834175384,969840,Teacher,1972-10-24,b1f57b76e3a336ba69cbc7893ed0dc99,1561128791,26.070387034058175,-116.89090361489622,0,
551,2019-02-19 00:18:53,5862592320030719,"fraud_Kutch, Hermiston and Farrell",misc_pos,256.59,Emma,White,F,815 Main St,Chicago,NY,24524,41.74088419532183,-96.69921044518769,898306,Developer,1950-04-04,69ae71fd8a7d09f606771b3d28c92a76,1550535533,41.535294043148674,-96.38401054993471,0,
552,2019-06-04 08:48:08,2984223048778648,"fraud_Heller, Gutmann and Zieme",food_dining,209.16,Edward,Khan,M,8755 Main St,New York,IL,81666,32.67830789870207,-95.43901898171009,724540,Driver,1980-01-29,ccec21bd24647981409677f613a1b26d,1559638088,32.71868155638463,-95.60541793095254,0,38903.0
553,2019-03-14 08:33:14,889636644748332,"fraud_Kutch, Hermiston and Farrell",food_dining,193.27,Michael,White,M,6289 Main St,Chicago,IL,38358,44.83469515611804,-79.15073877031314,198845,Psychologist,1968-07-04,cd364779d5e49e3e9c2b18b1762fdec4,1552552394,45.15522284286906,-79.05281546004674,0,
554,2019-07-03 11:02:46,2310367009237337,fraud_Keeling-Crist,gas_transport,442.86,Tyler,Khan,M,3865 Main St,Chicago,NY,40574,28.863313318529677,-70.30765899572415,197659,Psychologist,1984-12-11,8debd702fe03429d487394212ab5860d,1562151766,28.585225962562767,-70.24720330404185,0,74240.0
555,2019-05-10 23:51:51,702774911073830,fraud_Lind-Buckridge,misc_net,242.51,Jeremy,Khan,M,1541 Main St,Chicago,NY,33238,31.412668749678573,-92.69632123245087,417463,Developer,1993-11-17,813ec83aff897d169fcfcecc6b906bd8,1557532311,31.353748458630808,-92.24112655132934,0,31977.0
556,2019-04-13 06:48:17,6877477690728653,"fraud_Heller, Gutmann and Zieme",shopping_pos,459.9,Emma,Patel,F,6216 Main St,Los Angeles,IL,77155,48.73947457124136,-118.54232836108021,786246,Psychologist,1960-03-13,0551e54d838851cdb402c759303a7749,1555138097,49.22468722545457,-118.13055513625675,0,
557,2019-08-12 17:21:40,7795384269616709,"fraud_Kutch, Hermiston and Farrell",food_dining,10.35,Sarah,Singh,M,3413 Main St,Phoenix,AZ,36325,47.32370489962215,-67.9987751640739,40454,Manager,1997-11-29,348bfa4773af76a7f2436cc18f083236,1565630500,46.87798599285758,-68.45934528434015,0,
558,2019-01-10 06:05:38,7335200266024598,"fraud_Heller, Gutmann and Zieme",shopping_pos,396.38,Sarah,Banks,M,7401 Main St,Phoenix,CA,27336,44.994748148387075,-77.52421711436835,598634,Teacher,1989-08-29,a218814974b21f30d9b68385c186d0c2,1547100338,45.33095253166112,-77.36108802295847,0,89771.0
559,2019-07-26 11:31:50,5842346283847101,"fraud_Rippin, Kub and Mann",gas_transport,189.31,Tyler,Garcia,M,5169 Main St,Houston,TX,60995,43.69959006356309,-92.54054831503541,995856,Developer,1950-08-29,c380a62c21d6192549ddd9784b297f2a,1564140710,44.1574873985671,-92.27308872939354,0,
560,2019-04-28 03:23:03,8500321086571584,"fraud_Kutch, Hermiston and Farrell",misc_pos,125.6,Edward,Singh,F,2629 Main St,Los Angeles,AZ,63123,28.650509210576136,-116.4729703234183,969135,Driver,1989-06-26,01305e38931df631c86a671f47d4af9e,1556421783,28.206764926181744,-116.60655238252053,0,
561,2019-02-13 22:36:30,9331440469885358,"fraud_Heller, Gutmann and Zieme",misc_net,243.24,Edward,Singh,F,9494 Main St,Los Angeles,TX,38109,41.06450855061464,-113.62400256091495,967793,Psychologist,1963-09-14,7f85786eea75c92ab59134c94fb08410,1550097390,41.470874086698956,-113.76578462361998,0,32303.0
562,2019-06-01 20:49:24,3808604195646917,fraud_Lind-Buckridge,misc_pos,8.63,Emma,Smith,F,2608 Main St,Chicago,IL,62266,27.944157362737478,-106.35697228440155,872866,Driver,1954-07-28,58acfa84995f0b776c1abab8edb4fb5c,1559422164,28.220886354062205,-105.90430217836247,0,20687.0
563,2019-06-27 04:54:45,2536991018696456,"fraud_Heller, Gutmann and Zieme",entertainment,1712.98,Daniel,Brown,F,6901 Main St,New York,AZ,73309,43.745192037064825,-92.02136073163365,559013,Nurse,1967-04-09,ca37bfe395cd20abc948f4e8181251bf,1561611285,44.17413272586631,-91.9802604303368,1,66508.0
564,2019-05-03 05:48:42,1464231740819998,fraud_Lind-Buckridge,food_dining,53.88,Tyler,Smith,F,2624 Main St,Houston,NY,19063,30.317919402090823,-87.51428259184254,335460,Developer,1962-04-07,57e7f205d628b535b538c62a745251e6,1556862522,29.994495097029148,-87.33487748293491,0,67325.0
565,2019-03-05 12:17:52,7320585688164205,"fraud_Heller, Gutmann and Zieme",misc_pos,15.27,David,Singh,F,9702 Main St,Los Angeles,IL,46565,30.517425432604654,-72.00715470798634,98180,Accountant,1982-08-20,b3f7b17208355120bc5033638a3b4754,1551788272,30.695636908511325,-72.41798645932323,0,
566,2019-07-04 04:30:16,771196444390855,"fraud_Heller, Gutmann and Zieme",food_dining,328.37,Sarah,Sanchez,F,6487 Main St,New York,CA,43655,44.81062950649637,-95.89654940730522,974507,Driver,1955-08-31,0700c6e12e8f248b5086d83809cabfe2,1562214616,44.46457643267347,-95.51141227674232,0,
567,2019-08-03 06:03:03,2768539298100948,fraud_Lind-Buckridge,gas_transport,451.02,Stephanie,Patel,M,5771 Main St,Los Angeles,AZ,86383,40.688415962715176,-95.37353617147312,419252,Developer,2001-05-10,39b5ab0e835f66e18a99a3873cbdc23c,1564812183,40.86167023714984,-95.1272201901551,0,
568,2019-04-04 07:28:52,8795130570357427,"fraud_Rippin, Kub and Mann",gas_transport,129.45,David,Brown,M,4435 Main St,Chicago,TX,99281,34.851507116633044,-116.32857844634884,420699,Nurse,1980-09-09,e8bd1e862bd62238f38f34e06427faae,1554362932,34.75723340619388,-116.31349978004181,0,
569,2019-02-11 15:21:55,7380130086858760,"fraud_Rippin, Kub and Mann",food_dining,357.67,Sarah,White,F,5201 Main St,Chicago,IL,32552,40.178864616111596,-82.04098014448266,956605,Engineer,1983-02-25,0746f5a619d97824f51197ab749be543,1549898515,40.138262461080366,-81.660262878402,0,
570,2019-01-16 01:42:25,3346051293491581,"fraud_Kutch, Hermiston and Farrell",grocery_pos,438.98,Edward,Singh,M,8014 Main St,Phoenix,IL,27547,43.99888931014188,-82.5200831645398,175151,Teacher,1958-06-18,a4f8d0ac65e487f8fe29f6319e69f890,1547602945,43.694187544142935,-82.69847926682866,0,
571,2019-04-27 15:40:16,4223179094937665,"fraud_Heller, Gutmann and Zieme",food_dining,444.22,Daniel,Brown,M,3851 Main St,Phoenix,TX,59972,26.209679434405558,-67.47452661401381,638426,Developer,2003-11-06,ba029e821ce54e41a49f12c7e774d651,1556379616,25.87367373613933,-67.10606341837523,0,73932.0
572,2019-01-29 06:49:13,989842135582203,fraud_Keeling-Crist,entertainment,423.88,Daniel,White,F,387 Main St,New York,AZ,49426,26.403941262350795,-106.7923403810268,422075,Accountant,1963-10-26,e30d0f8e2acc5e7b7dd2491825461427,1548744553,26.02873933241706,-106.65730240173586,0,
573,2019-01-17 08:13:47,4902947003895079,fraud_Keeling-Crist,food_dining,150.19,Daniel,Banks,F,8259 Main St,Chicago,CA,24481,28.86657420703878,-82.63907859000291,641668,Psychologist,1982-03-27,bac68283231f86a0c32b8460853d6803,1547712827,28.971765613798137,-83.06777731000786,0,
574,2019-03-11 19:13:12,1907198097069771,"fraud_Heller, Gutmann and Zieme",entertainment,2.71,Edward,Khan,F,8808 Main St,Los Angeles,NY,26835,34.64863613785671,-99.07220753623542,72867,Accountant,1957-12-24,745379c3d827348611534877038b19d9,1552331592,34.590928129245945,-98.96374801243141,0,89367.0
575,2019-07-17 00:29:07,5048505642486482,fraud_Keeling-Crist,misc_net,335.93,Edward,White,M,2081 Main St,Los Angeles,IL,72363,35.4704282642925,-84.5314566126302,149783,Manager,2001-10-21,060cbce1228676e39bc9216db1ec7482,1563323347,35.533789880917844,-84.03936801087706,0,
576,2019-05-14 21:10:30,2441676168377111,fraud_Lind-Buckridge,misc_net,3.61,Edward,Garcia,M,7642 Main St,New York,CA,89731,47.169800857225106,-118.87953765650909,476637,Manager,2001-03-03,8ba6afb09bbfad974b8e1e6406601a43,1557868230,47.52863557466289,-118.99338965253726,0,93444.0
577,2019-07-05 00:29:00,1435547074349367,"fraud_Heller, Gutmann and Zieme",grocery_pos,279.93,Tyler,Brown,F,1272 Main St,Los Angeles,NY,57081,40.11039218346191,-87.91231876393672,4883,Psychologist,1970-07-14,ede746dc8b98549ae7fa13f2955a383d,1562286540,40.29509153487407,-87.45065879177884,0,
578,2019-04-18 22:24:12,8632760254277263,fraud_Lind-Buckridge,food_dining,35.79,Sarah,White,M,7297 Main St,Houston,NY,94415,38.37617544368253,-82.94435467187847,728646,Driver,1987-09-06,f0135ce0a2db4ba9fa72b02955301201,1555626252,37.99942039256391,-82.73116471803996,0,53368.0
579,2019-08-20 08:56:23,2879248106269632,"fraud_Heller, Gutmann and Zieme",grocery_pos,463.77,Tyler,Garcia,F,8032 Main St,Phoenix,NY,20256,43.037564948596895,-97.07854275373828,29103,Psychologist,1978-01-17,f00c86bb9f513de31ce4c60795265b50,1566291383,43.314074063871885,-97.03729987344734,0,13700.0
580,2019-05-05 08:43:59,5999548000857316,"fraud_Kutch, Hermiston and Farrell",grocery_pos,14.34,Edward,Khan,M,1069 Main St,New York,IL,33953,35.55202177398306,-70.61474918460539,888738,Engineer,1973-05-29,4a0e2a1deed0f97ead28bd8c78f41a90,1557045839,35.45966631234183,-70.11742871089135,0,
581,2019-06-25 08:28:12,9964432023581996,fraud_Keeling-Crist,entertainment,152.9,Tyler,Singh,M,8801 Main St,Houston,CA,85928,47.19253180175144,-104.95486577511981,831619,Teacher,1960-05-12,3ca8ff1bb3313890cb34fc1dcd7369bf,1561451292,47.67764727303647,-105.35749967084344,0,
582,2019-04-08 00:59:29,2195748757587243,fraud_Keeling-Crist,grocery_pos,82.32,Emma,Gill,M,1442 Main St,New York,CA,71016,37.303109386909775,-91.56797067339164,948262,Engineer,1963-08-01,f10d67189c4d2f45e7b05dafed5e0de3,1554685169,37.49583533857258,-91.6548748864533,0,43421.0
583,2019-03-25 08:07:29,7134040386584920,"fraud_Rippin, Kub and Mann",shopping_pos,431.58,Daniel,Sanchez,M,2379 Main St,Chicago,TX,73985,37.63115749012146,-86.22367824764808,474201,Psychologist,1992-12-06,0755c7d57fe8075ca88abc0ec4bf0468,1553501249,37.251724334283615,-85.80874114481254,0,
584,2019-06-10 11:16:58,2287779519195247,fraud_Lind-Buckridge,entertainment,135.85,Jennifer,Smith,M,5490 Main St,Los Angeles,AZ,88213,35.052919338722745,-109.01871592821745,810908,Teacher,1983-05-30,45458bea9a11993636f69e6e7408c3ce,1560165418,35.135038317689684,-109.39601007984466,0,
585,2019-06-11 00:06:27,5644876103465949,fraud_Lind-Buckridge,misc_net,381.65,Tyler,Singh,F,5677 Main St,Houston,NY,40354,35.19161460897769,-95.07960283328701,724778,Teacher,1997-09-20,40c0f5b4e5e646f9d5de2153056e0dbc,1560211587,35.21601946601415,-95.14694586992816,0,
586,2019-03-05 00:08:10,5744727393986049,"fraud_Rippin, Kub and Mann",grocery_pos,438.75,Stephanie,Smith,M,1960 Main St,Los Angeles,TX,62165,47.354388894198394,-114.3684353395345,87422,Nurse,1959-04-02,60ea1eddb4b35db8f2f5ff698ad35ee5,1551744490,47.268783611003045,-113.8723359120153,0,83950.0
587,2019-06-21 02:04:45,7150140994271500,fraud_Keeling-Crist,grocery_pos,205.65,Jeremy,Singh,M,4950 Main St,Houston,AZ,49238,35.57186199772333,-105.17906127646243,832477,Psychologist,1955-10-15,25548e94f9ea929b975e04f2c5dc2252,1561082685,35.45994704765615,-105.31847924236061,0,68150.0
588,2019-08-15 12:28:49,5272979866888111,"fraud_Rippin, Kub and Mann",misc_pos,310.03,Jennifer,Smith,F,4305 Main St,New York,IL,70758,32.14045781206395,-85.2433915425915,595552,Manager,1999-05-30,b6d6f05348a2236e6b8e107688e1fab5,1565872129,32.52905425414114,-85.17818208643621,0,
589,2019-03-01 19:44:54,5638605351916958,"fraud_Rippin, Kub and Mann",misc_pos,350.29,Stephanie,Gill,F,9745 Main St,Houston,AZ,25708,28.15627963889063,-121.60893635633668,454483,Psychologist,1983-07-14,97367471d213e66704606921665b7be4,1551469494,27.990854742518714,-121.55466960915477,0,
590,2019-05-29 16:23:29,4553175146809434,"fraud_Heller, Gutmann and Zieme",grocery_pos,499.6,Emma,Banks,F,3404 Main St,New York,CA,60370,42.86995719619422,-90.05578281270444,877667,Developer,1960-10-13,8405fd83c1a283bc92ab54f03a25ff93,1559147009,43.11900884865907,-89.97909686700258,0,
591,2019-02-26 08:03:09,2626048141027333,"fraud_Rippin, Kub and Mann",shopping_pos,377.23,Michael,Banks,M,4996 Main St,New York,AZ,49031,29.593889647576695,-108.53602755194049,633235,Nurse,1984-01-14,f0849ba63a7aabd7c1c2195b6a980c63,1551168189,29.591857493915057,-108.41806114871174,0,22892.0
592,2019-02-05 22:18:38,3837654782634523,fraud_Keeling-Crist,misc_pos,432.27,Michael,Sanchez,M,5947 Main St,Chicago,CA,44820,32.83837035877631,-96.88983762061004,329886,Psychologist,1969-10-05,928d9515dc036ac3c30e14f5472e66c0,1549405118,33.31248337788529,-97.11821947409851,0,
593,2019-08-20 05:47:05,1686101094493378,"fraud_Kutch, Hermiston and Farrell",shopping_pos,354.72,Stephanie,Garcia,M,6736 Main St,Los Angeles,NY,77340,41.09896869043756,-103.68874715742785,929535,Nurse,1978-08-25,9719cccb1a068796b0a48334ecdcc1a7,1566280025,41.05973741970131,-103.69690457803463,0,
594,2019-07-18 20:57:09,7218376700440620,fraud_Lind-Buckridge,misc_net,436.22,Daniel,Khan,M,9003 Main St,Phoenix,TX,52569,48.806956943654214,-102.48699650585145,504936,Teacher,1965-12-21,e608b823d38d7f409ee372826275b99b,1563483429,49.09773060307587,-102.1239191902288,0,99950.0
595,2019-06-10 20:00:17,3378574978334749,"fraud_Kutch, Hermiston and Farrell",misc_pos,163.5,Tyler,White,M,5743 Main St,Phoenix,AZ,77427,29.93598044151698,-71.17759028199929,963460,Manager,1965-10-12,5842f2babe6fd00905ea145a5d142fa0,1560196817,30.01622984655248,-71.16938493063407,0,93535.0
596,2019-02-04 22:37:00,131642577438166,"fraud_Kutch, Hermiston and Farrell",grocery_pos,324.59,Sarah,Garcia,M,2585 Main St,Phoenix,NY,35014,44.320245003898904,-108.19221395552523,276961,Nurse,1961-07-22,007b0470025c3d7494be11a030a92607,1549319820,43.873624669790246,-107.94887443081625,0,
597,2019-04-24 06:03:57,4046164251794116,"fraud_Rippin, Kub and Mann",gas_transport,272.34,Tyler,Banks,F,857 Main St,Los Angeles,AZ,82354,42.86483366876168,-93.66503438135356,478397,Teacher,1980-05-28,731770c3e629273185e2e2e35324d1f4,1556085837,42.842495548914805,-93.99390246366134,0,
598,2019-06-03 23:49:08,6945888127991883,fraud_Lind-Buckridge,misc_pos,356.16,Jennifer,Khan,M,2793 Main St,Phoenix,TX,30016,35.91849128900431,-82.77254566316985,591617,Teacher,2001-01-17,d864f1d2f5953b1bfde34180bb95904a,1559605748,35.60079264106261,-82.54309919336528,0,
599,2019-04-10 04:00:42,4936416478779672,"fraud_Heller, Gutmann and Zieme",food_dining,84.19,Edward,Smith,F,8944 Main St,Phoenix,NY,19114,48.79936546083317,-75.39146442799495,647819,Psychologist,1992-05-25,43d170c074fa1ce17d94a3e7a3ac846d,1554868842,49.19633649463842,-75.81089711982874,0,77828.0
600,2019-06-25 07:11:19,3327288090579457,"fraud_Kutch, Hermiston and Farrell",grocery_pos,309.42,Daniel,Gill,M,9451 Main St,Phoenix,IL,22948,29.10508083130399,-120.73583971605117,487409,Accountant,1971-04-11,091e44b33e9631e780c55289630628a0,1561446679,29.464128348528565,-120.33595876172502,0,51711.0
601,2019-08-10 00:06:38,6847311185077489,"fraud_Kutch, Hermiston and Farrell",shopping_pos,179.27,Stephanie,Gill,M,4664 Main St,Chicago,TX,58731,38.228978727058006,-89.93921166138759,375245,Accountant,1963-06-19,e1469b92cd0d445adf53ae67aebb7c8e,1565395598,38.42423892371456,-89.48102405672192,0,
602,2019-06-24 04:24:58,9348467626518321,fraud_Keeling-Crist,misc_net,161.8,Michael,Brown,M,5903 Main St,New York,TX,36090,38.125592141122524,-90.26094426315342,151708,Teacher,2001-06-07,f79b9f8b5c590dd3cc26faa460221f3e,1561350298,38.62537919846672,-89.79953836721937,0,
603,2019-04-25 18:43:52,3099189922519796,fraud_Lind-Buckridge,food_dining,390.83,Daniel,Khan,F,9910 Main St,Los Angeles,TX,76024,30.20146719692547,-91.396625983231,877631,Engineer,1978-10-10,f05d613f3b9b288357c35991cdfbe3a9,1556217832,29.828658929783135,-91.7560864514504,0,
604,2019-05-01 19:44:27,5702891994779826,fraud_Lind-Buckridge,misc_net,772.24,Emma,Gill,M,4900 Main St,Houston,TX,18418,46.77387154242209,-94.6659962935455,662577,Manager,1956-08-20,f408a059c996c39c547bc3c82415a8bb,1556739867,46.817219578110645,-94.2885658373128,1,59981.0
605,2019-07-19 15:30:10,7730256967592860,"fraud_Rippin, Kub and Mann",misc_pos,125.37,Michael,Patel,F,2586 Main St,Houston,CA,81660,42.04425989276193,-122.51488833297564,988783,Driver,1957-05-31,108df38c7b079745a96accf7a2f002ce,1563550210,42.503625213299856,-122.25156744271001,0,
606,2019-03-16 23:43:26,4564133822759864,"fraud_Heller, Gutmann and Zieme",misc_net,394.22,Emma,Singh,F,5627 Main St,Los Angeles,TX,41150,39.040162832621306,-87.84072538004745,79608,Manager,1971-12-26,3507c82f7b461007a2695cda3386f37f,1552779806,38.96114690251334,-87.3685592352475,0,
607,2019-01-11 02:56:20,6785053379337618,"fraud_Heller, Gutmann and Zieme",grocery_pos,2557.12,Sarah,Khan,M,8527 Main St,Los Angeles,NY,26642,28.79950531427543,-83.26093536646621,830909,Nurse,1985-03-21,9110c5adfbea604cb12bd29d422e3600,1547175380,28.423682131010224,-83.27341293799773,1,
608,2019-03-29 03:25:17,7579233062952076,fraud_Keeling-Crist,grocery_pos,351.97,Edward,Sanchez,F,8591 Main St,Chicago,IL,96721,40.03418548823798,-107.53758135414995,12098,Psychologist,1970-03-02,707e50316abd877dfe7405988e676b0a,1553829917,40.41120150454682,-107.9985739966538,0,22464.0
609,2019-08-01 22:18:39,3593723856653109,fraud_Keeling-Crist,food_dining,317.78,Jeremy,Banks,F,2653 Main St,Chicago,NY,30813,44.12975840988685,-96.55387859028725,597679,Developer,1955-09-02,ec9859fd5c630670e4eb433195bb8b53,1564697919,44.182887432186455,-96.40071320450832,0,17381.0
610,2019-08-10 07:11:06,7588685797113131,"fraud_Kutch, Hermiston and Farrell",grocery_pos,490.4,Sarah,Brown,M,9719 Main St,New York,IL,24608,34.89303125762045,-91.53606642244443,74315,Driver,1984-03-10,c18afec0dcc4ad878cda46fae7e4772e,1565421066,35.04511527410783,-91.12680389599117,0,83112.0
611,2019-01-18 05:35:08,9736386839138329,fraud_Lind-Buckridge,gas_transport,101.58,Stephanie,White,F,9098 Main St,New York,IL,35740,42.00032212190338,-70.51511578725516,339844,Engineer,1956-04-05,14c938dc1f861522c9b9091d65827eb9,1547789708,41.65456239794152,-70.65082730276814,0,
612,2019-03-18 22:43:37,1687192032578641,"fraud_Kutch, Hermiston and Farrell",shopping_pos,232.96,Stephanie,Khan,F,3914 Main St,Phoenix,NY,44378,30.637075242855495,-110.63284443111753,543495,Manager,1999-01-20,203979e9bc45b7bd5a455243ffc95640,1552949017,30.271105091815745,-110.78734818195865,0,23146.0
613,2019-07-01 04:42:05,225140770111820,"fraud_Rippin, Kub and Mann",entertainment,315.94,Daniel,Smith,F,2638 Main St,Los Angeles,TX,72618,32.91409243217631,-106.39057289672168,379522,Manager,1956-11-02,f1e6994e0481a02344527c3ad930e4ac,1561956125,32.67927845585811,-106.31278559480937,0,49065.0
614,2019-06-12 18:20:40,1930159240436686,fraud_Lind-Buckridge,gas_transport,166.74,Emma,Garcia,M,1784 Main St,Houston,NY,23579,43.85933485450102,-87.91793394588589,548702,Psychologist,1971-01-11,89c97c80929af08a87758a984c21b61a,1560363640,44.07156192753646,-87.9145653421629,0,
615,2019-02-27 13:46:03,6219606396158524,"fraud_Heller, Gutmann and Zieme",shopping_pos,15.7,Jennifer,Khan,M,6380 Main St,Houston,AZ,10613,29.943264793740838,-78.56658509375707,705937,Psychologist,1988-08-20,e4a7fd6f783727cdb901d7943cfcc4e1,1551275163,29.879725243375876,-79.01409657819318,0,68905.0
616,2019-04-11 18:35:20,6309557884373520,fraud_Keeling-Crist,shopping_pos,73.63,Michael,Smith,F,5480 Main St,Houston,NY,52441,27.641415763902057,-81.45252126560167,736908,Nurse,1955-07-07,7b941251b0ba8183e34d99e6c9d6c05c,1555007720,28.11160046920323,-81.68776596911583,0,
617,2019-01-05 22:24:14,5166753613362883,"fraud_Kutch, Hermiston and Farrell",grocery_pos,450.97,Michael,White,F,2727 Main St,Phoenix,NY,59303,26.232147607621307,-90.7670239533368,369622,Teacher,1982-04-28,189a0833e5b1e6d53e6604aac2071c33,1546727054,26.40785968195818,-90.72894935936148,0,
618,2019-06-18 13:29:33,9712901924684267,fraud_Lind-Buckridge,entertainment,398.22,Sarah,Patel,M,1158 Main St,Chicago,CA,10705,29.431596288171917,-79.80763986700933,450632,Engineer,1978-11-22,b41edc3c924c331a801cc3ae7faa304d,1560864573,29.03842650423132,-80.2402862577203,0,56179.0
619,2019-05-20 02:08:54,5019069186276616,"fraud_Rippin, Kub and Mann",entertainment,293.67,Emma,Patel,F,2368 Main St,Los Angeles,TX,57768,31.73431752409947,-74.07410334268252,989713,Engineer,1976-07-01,63b27321ebbcd42674d699a37a7b8cad,1558318134,31.82024875699333,-73.72058632179224,0,34097.0
620,2019-08-07 01:11:48,1855951512599586,"fraud_Kutch, Hermiston and Farrell",misc_pos,490.79,Emma,Sanchez,F,2611 Main St,New York,CA,78867,39.52709416538023,-92.80660129400064,352970,Driver,1951-12-21,774124b5780753fff92705ba1f591ccb,1565140308,39.79309663438467,-92.9239619967936,0,
621,2019-04-05 04:32:01,6413799518033781,fraud_Keeling-Crist,gas_transport,99.59,Stephanie,Garcia,F,6689 Main St,Chicago,AZ,19794,35.29405389720581,-72.39391890670137,312199,Manager,1958-02-02,c7d64f4169fd0079f450c82ed8423c8a,1554438721,34.99267286643642,-72.5758213672871,0,
622,2019-07-28 12:29:02,2838926802156267,"fraud_Rippin, Kub and Mann",shopping_pos,2.59,Daniel,Khan,F,5780 Main St,Chicago,CA,61376,36.32305860408885,-89.59805006575371,560047,Nurse,1962-03-12,75cd61321cb79b412a2c1b926bc24692,1564316942,36.67826020714429,-90.00455786010758,0,68054.0
623,2019-07-11 18:33:29,5368917527590825,"fraud_Rippin, Kub and Mann",shopping_pos,87.46,David,Garcia,F,1618 Main St,Phoenix,TX,44695,32.679967558237,-118.16588528927761,644510,Teacher,1960-02-29,7310b514cee1ed1936740412324a01d3,1562870009,32.22640114813291,-117.67082080494691,0,
624,2019-01-30 05:15:00,7655596274526994,fraud_Lind-Buckridge,misc_pos,473.34,Jennifer,Banks,F,9430 Main St,Phoenix,NY,76253,34.305571319841576,-70.43383503472305,501603,Accountant,1997-01-21,78e98059ba113ca8c26ab9f6a66f34d9,1548825300,34.30543612901379,-70.36715478085122,0,
625,2019-01-25 02:47:45,1445025382579710,fraud_Lind-Buckridge,grocery_pos,373.26,David,Brown,M,3054 Main St,Phoenix,AZ,61314,26.651035412204358,-109.27745804836965,799393,Teacher,1983-05-17,f541428c70eb6817203a55e360b0d9fd,1548384465,26.528415130277455,-109.00596851615286,0,
626,2019-02-05 09:10:47,2701868462492808,"fraud_Heller, Gutmann and Zieme",misc_pos,126.37,Sarah,Sanchez,F,2247 Main St,Phoenix,CA,17466,37.40318943328491,-97.08433279507481,922306,Nurse,2000-01-09,75204c48c1eeac050ecb8b0fb72a008b,1549357847,36.94905150179092,-96.90067496238268,0,
627,2019-05-28 05:35:47,9516150515935461,fraud_Lind-Buckridge,shopping_pos,365.59,Emma,White,F,3544 Main St,Houston,IL,38171,29.95554128110075,-84.09601944160438,319023,Manager,1990-01-25,ec335f1c249c8134470c5a289fbc1dc7,1559021747,29.519986234890844,-83.97983852306912,0,
628,2019-07-23 06:34:25,397370334971871,"fraud_Kutch, Hermiston and Farrell",grocery_pos,279.35,Jennifer,Sanchez,F,7295 Main St,Houston,CA,98765,42.90815730452375,-106.30575240519151,529643,Teacher,1981-10-25,c33a8d000664340361886f9816a12053,1563863665,42.652984938368704,-105.98644741169196,0,
629,2019-02-26 20:14:03,786287499551953,fraud_Lind-Buckridge,food_dining,179.68,Jeremy,Khan,M,1300 Main St,Phoenix,NY,83137,30.79206090660416,-71.94527639163809,778499,Driver,1971-06-04,a28e239a6ba02147271e7269614cf812,1551212043,31.0040055927708,-71.75513654079438,0,91496.0
630,2019-01-05 08:32:32,1807711622064877,"fraud_Heller, Gutmann and Zieme",shopping_pos,77.56,Stephanie,Gill,F,6522 Main St,Los Angeles,AZ,10803,32.458599161157196,-113.63841708486541,223460,Teacher,1963-01-05,63ac63a3de6781e96bec773cd3157034,1546677152,32.70073466077954,-113.91863842357998,0,52032.0
631,2019-01-29 13:17:07,2087250146324900,fraud_Lind-Buckridge,gas_transport,241.66,Edward,Brown,M,3855 Main St,Houston,AZ,73023,46.20882901850475,-68.00570988317844,492893,Nurse,1989-02-21,9ea3d7ab63319118451f03fefe4da49d,1548767827,46.29143565437953,-67.73047470448692,0,
632,2019-03-16 16:30:35,2444848899209391,"fraud_Kutch, Hermiston and Farrell",gas_transport,334.98,Jennifer,Banks,M,9222 Main St,Chicago,NY,81887,25.038844972315427,-86.48459093842852,244935,Psychologist,1986-07-16,fd2f20909b3e4cf998c2e623c9f1bd37,1552753835,24.6270990335559,-86.87778044241922,0,36753.0
633,2019-03-22 20:31:14,3724642192167441,fraud_Keeling-Crist,grocery_pos,425.94,Stephanie,Singh,F,6077 Main St,New York,NY,60058,29.195342042932072,-83.74218901173262,111591,Nurse,2003-03-02,4547a57f4a4a74278f0688058584ed39,1553286674,29.167517424262424,-83.5241944050894,0,16487.0
634,2019-06-01 14:40:01,5269741441845887,"fraud_Heller, Gutmann and Zieme",grocery_pos,246.69,Stephanie,Patel,F,3184 Main St,Phoenix,CA,21857,39.21181077476123,-74.11299304733171,772,Developer,2000-08-13,7c00d8a462c0cf4cd0c6e109da608b7e,1559400001,38.99732852463022,-74.14666599322013,0,11575.0
635,2019-06-07 20:18:27,6971404962174529,fraud_Lind-Buckridge,misc_pos,398.97,Daniel,Banks,F,8775 Main St,New York,IL,20685,31.355292185892452,-78.39821207254577,780148,Engineer,1956-01-19,7c62e51cbb097a70653603abf512e0b7,1559938707,31.544698032136573,-78.51962386766981,0,63676.0
636,2019-05-18 20:28:50,72099897396631,fraud_Keeling-Crist,misc_net,55.31,David,Gill,M,3142 Main St,Phoenix,NY,51666,47.04623511006291,-107.91543557405265,963580,Nurse,1954-01-23,6b957389db93d7a276518edfe5556b18,1558211330,46.86674477475297,-107.88129525493925,0,
637,2019-05-31 03:15:02,7323383854874482,"fraud_Kutch, Hermiston and Farrell",entertainment,439.69,Edward,Gill,M,6550 Main St,Chicago,IL,41355,35.2804811587894,-101.07817229986475,809420,Manager,1986-10-20,da2090219d814152a7bfe2ec31de87fd,1559272502,34.817375453947655,-101.03766512749417,0,60387.0
638,2019-06-05 21:29:10,4413636391584795,fraud_Keeling-Crist,misc_pos,54.79,Sarah,Banks,M,5119 Main St,Los Angeles,IL,98912,27.789566217975356,-98.33705439698394,253772,Teacher,1972-03-19,ed3fbf66d3898bf3a05b06b24d5dbbd9,1559770150,28.237473190270588,-98.58281987553349,0,
639,2019-04-10 12:29:43,9750876467745144,fraud_Lind-Buckridge,gas_transport,150.04,Jeremy,Banks,F,3915 Main St,Los Angeles,CA,27877,27.141443622813064,-116.59891343005347,336280,Teacher,1994-10-20,c8dd2714f0ad9bad8208e3bc97b5d72c,1554899383,27.303544170952883,-116.46934861880267,0,
640,2019-05-17 10:58:09,6463327388233705,fraud_Lind-Buckridge,entertainment,160.63,David,Sanchez,M,8846 Main St,Los Angeles,TX,50095,37.778160719819226,-75.39352244070173,965400,Nurse,1965-05-15,f7e44b0481be748139b973df1ebef194,1558090689,37.96414349436233,-74.99223791292019,0,87103.0
641,2019-03-12 16:09:37,6215769516410536,fraud_Keeling-Crist,grocery_pos,40.93,Jennifer,Banks,M,5115 Main St,Los Angeles,NY,49039,38.03387766359984,-98.36750173916408,18320,Psychologist,2004-01-04,c020b085a5685781cd9df1b4f98197f9,1552406977,38.19562789268119,-98.60090254891007,0,35191.0
642,2019-03-03 05:18:45,6601366505114101,fraud_Keeling-Crist,entertainment,236.56,Emma,Gill,M,2057 Main St,Phoenix,IL,26218,29.816499248814928,-91.3892911972489,19176,Engineer,1954-01-13,fd36b4efc9232dd36187347475bcc79c,1551590325,29.630963709126085,-91.5088212893939,0,41940.0
643,2019-07-14 09:33:43,7711636278085790,"fraud_Kutch, Hermiston and Farrell",gas_transport,268.27,David,Smith,M,2811 Main St,Phoenix,TX,17798,26.879991913710636,-70.6683321431266,837030,Nurse,1958-01-12,b2b3693acce847d191c6d02db03fec54,1563096823,26.90031933939353,-70.56071838884434,0,
644,2019-04-07 20:47:40,3673993703086672,"fraud_Heller, Gutmann and Zieme",grocery_pos,415.23,Jeremy,Brown,F,8636 Main St,Chicago,IL,29195,28.061062812419408,-75.57630822427335,573480,Psychologist,1960-01-24,d8a75b3b3e771b4283a4540b81081613,1554670060,28.471805606634252,-75.69635507732967,0,32594.0
645,2019-04-04 12:37:16,1248517654111346,fraud_Lind-Buckridge,shopping_pos,90.94,Sarah,Khan,M,8888 Main St,Houston,CA,27014,43.95184211415054,-72.15492933179925,983757,Teacher,1964-03-19,1fcdd8685481f86e85dd0360aea608b6,1554381436,43.492525207698485,-71.91354940163889,0,95625.0
646,2019-05-12 16:07:55,3966705935293880,"fraud_Kutch, Hermiston and Farrell",food_dining,2512.12,Michael,White,F,7222 Main St,Chicago,NY,13950,25.145352245158893,-81.60378796808999,352594,Engineer,1979-02-21,605e770d65744fb160239e457607cda4,1557677275,25.19404377499895,-81.66237134699122,1,
647,2019-04-16 17:40:06,9608016828138312,fraud_Keeling-Crist,misc_net,65.98,Emma,Brown,M,535 Main St,Los Angeles,CA,62979,34.95493893048706,-77.28381143258994,296925,Psychologist,1956-03-09,61669cc2ff1d38f3997c41880fdffa80,1555436406,34.77996025457924,-77.46324682194596,0,
648,2019-08-19 22:39:57,6277923178250127,"fraud_Kutch, Hermiston and Farrell",misc_net,43.36,Edward,Brown,F,277 Main St,Chicago,NY,81297,41.7220430782354,-91.82499742101267,130383,Psychologist,1980-10-08,a65bd58a6fa94d806caf679978fe64d7,1566254397,41.76258036429558,-92.23696867607222,0,
649,2019-03-30 11:11:14,8426713202728842,"fraud_Heller, Gutmann and Zieme",misc_net,248.56,David,Khan,F,1291 Main St,Los Angeles,NY,20441,35.41875276911844,-77.3664802661037,677843,Developer,1952-04-28,854767122cc554749c5b98e6245416b9,1553944274,35.307489465663146,-77.07648140793805,0,
650,2019-02-28 12:13:09,652735106941336,fraud_Keeling-Crist,misc_pos,96.61,Michael,Garcia,F,5421 Main St,Houston,AZ,78910,28.761703734334436,-75.89149018968146,575795,Driver,1961-05-04,34299341b486e41551e04555761cca76,1551355989,29.195871068589494,-76.07909377872208,0,81478.0
651,2019-05-12 10:17:41,9712836027104342,fraud_Lind-Buckridge,entertainment,24.26,Daniel,Gill,F,2137 Main St,Houston,IL,74293,40.129377089452035,-100.77798527563944,87808,Psychologist,1970-05-10,a2ea1484e58ddfbb96beb47ae607631b,1557656261,40.37061150976779,-100.52467901078363,0,64013.0
652,2019-05-04 03:19:10,3947618990363356,"fraud_Rippin, Kub and Mann",gas_transport,364.42,Emma,Brown,F,5678 Main St,Chicago,IL,79194,30.568123988630482,-123.25575583745393,68960,Developer,1961-09-18,c74f7ca5b0d835d5344309365d638698,1556939950,30.584653122600006,-123.20542301761553,0,52650.0
653,2019-02-03 02:10:12,3795166499609512,"fraud_Heller, Gutmann and Zieme",misc_pos,82.16,Sarah,White,M,7429 Main St,Phoenix,IL,53753,29.440443493698904,-88.53990526610441,268578,Psychologist,1974-07-09,a9228009f0ec180dabf8da06d3d62711,1549159812,29.01539241460843,-88.78639596386583,0,
654,2019-02-21 01:35:22,4091449342450309,"fraud_Rippin, Kub and Mann",shopping_pos,231.75,Michael,Sanchez,F,3080 Main St,Houston,IL,55829,38.35185408967223,-111.18390977596339,698544,Driver,2003-01-04,d7f91409f8e276a0b205acd6baa540fa,1550712922,38.35369990213291,-111.12325831856035,0,92463.0
655,2019-03-29 14:04:08,5592469779094895,"fraud_Kutch, Hermiston and Farrell",grocery_pos,222.92,Stephanie,Gill,F,6967 Main St,Phoenix,NY,82335,48.42570766628253,-79.27028072837209,528200,Teacher,1983-08-15,0a344127dadde9d4b2b2226eff5ab0e5,1553868248,47.94472286801559,-79.16842309456237,0,
656,2019-03-16 10:44:56,1213084689379717,"fraud_Heller, Gutmann and Zieme",shopping_pos,470.95,Daniel,Brown,F,5703 Main St,Chicago,CA,97082,27.308060079721532,-123.16156856399114,512429,Developer,1994-04-04,034dd7246083c61cc2ee396ce2604f1f,1552733096,27.501249153874028,-123.62179791474838,0,28079.0
657,2019-06-26 22:06:39,4444440967930825,fraud_Keeling-Crist,misc_net,261.63,Tyler,Sanchez,F,265 Main St,Los Angeles,NY,24726,42.14809026630297,-87.77248415550704,843544,Engineer,1962-01-29,5aa734f6ccc8bbdddecfaf1e85678ed3,1561586799,42.02890277236838,-87.53788105093568,0,
658,2019-04-09 16:09:24,6081970388766092,"fraud_Rippin, Kub and Mann",shopping_pos,161.93,Edward,Gill,F,7221 Main St,Los Angeles,CA,98864,26.442857828122207,-119.48853759317463,505066,Accountant,1953-10-01,1f3bd6052fb620605546bc5aa2fa6a35,1554826164,26.749757936931886,-119.25391306420869,0,
659,2019-01-16 06:58:50,2279909106235224,"fraud_Rippin, Kub and Mann",entertainment,341.85,Sarah,Sanchez,M,4632 Main St,Phoenix,AZ,98663,35.5384775501291,-106.38331811501425,883424,Teacher,1958-09-01,4ed841097cbc02b6fed3721d4fa90466,1547621930,35.470651810983696,-106.2226617548595,0,62919.0
660,2019-03-06 14:48:13,9816298842996558,fraud_Lind-Buckridge,misc_pos,334.78,Tyler,Gill,M,9975 Main St,Phoenix,NY,21582,44.36745037640121,-117.04045249221141,710328,Psychologist,1986-03-14,b8e3b2040f1b3c350e9e62c999110984,1551883693,43.97589178923402,-117.39124470129956,0,85215.0
661,2019-07-03 14:22:47,1509178943853023,fraud_Lind-Buckridge,shopping_pos,263.49,Stephanie,Singh,M,5172 Main St,Phoenix,AZ,78315,30.25671202585705,-101.29685494214198,794399,Accountant,2000-03-04,48dbcb4a208d1759380b74438c404c58,1562163767,30.36812227625062,-101.58853814591016,0,65792.0
662,2019-08-13 12:35:45,3446125370881329,"fraud_Heller, Gutmann and Zieme",misc_pos,470.33,Tyler,Banks,M,7884 Main St,Houston,CA,64192,33.98162775538614,-98.45827797135547,468853,Engineer,1986-06-19,bb1c1d110a709fa8314101da8829e197,1565699745,34.07549262463156,-98.58447004663331,0,90946.0
663,2019-03-27 18:12:13,3668229164356987,fraud_Keeling-Crist,misc_pos,419.19,Jeremy,Singh,F,4896 Main St,Phoenix,TX,50005,27.29899176851866,-85.41301785764871,310210,Teacher,1975-12-27,30912877536fafc72ddf189a0379b484,1553710333,27.16862086525278,-85.48153375653376,0,19698.0
664,2019-03-25 17:55:48,5591459212362141,"fraud_Kutch, Hermiston and Farrell",entertainment,325.81,Jeremy,Khan,F,2125 Main St,New York,CA,80234,44.4497879809484,-67.1938274345889,38205,Nurse,1971-02-20,79f3d37564cc5a7a552111f08a456ab0,1553536548,44.15278347444735,-66.98207568165806,0,
665,2019-04-25 14:16:50,6872958306607312,fraud_Keeling-Crist,misc_net,302.73,Jennifer,Gill,M,1176 Main St,Los Angeles,TX,70724,46.713846007213405,-89.07660129697783,911910,Teacher,1956-12-12,200fccdabe7273e9bbb564fda50268d7,1556201810,46.48791139116218,-88.6631560968501,0,
666,2019-04-26 19:49:35,606047754176382,fraud_Lind-Buckridge,entertainment,128.11,Emma,Sanchez,M,7234 Main St,New York,TX,38185,42.09568583150143,-72.38858457339438,283734,Psychologist,1958-11-15,495eae93ec33a2ae4998ffd73c40dd3d,1556308175,41.980103046515445,-72.16844393766576,0,28817.0
667,2019-03-25 20:45:31,3569734905007016,fraud_Lind-Buckridge,misc_pos,353.94,Jennifer,Smith,M,27 Main St,Chicago,IL,74314,43.79984477215112,-117.03666031272518,797327,Engineer,1976-05-05,932f22792c4e6439c1865a75db7771b0,1553546731,44.14604771378778,-117.4882513888841,0,
668,2019-01-11 13:47:20,6866228464679965,"fraud_Kutch, Hermiston and Farrell",misc_net,121.47,Tyler,Khan,F,4390 Main St,New York,AZ,32891,41.52207762263484,-106.45699213221873,303096,Psychologist,1985-01-24,b918b05814f48a9436675707bf8779d4,1547214440,41.90767179459518,-106.93146740343242,0,22723.0
669,2019-02-04 08:07:30,3939674903576278,"fraud_Kutch, Hermiston and Farrell",misc_net,442.52,Michael,Singh,M,3479 Main St,Phoenix,TX,79979,43.623962370547446,-74.57324206085012,673987,Manager,1989-09-14,2c80985c90fd417a257525a263856e69,1549267650,43.85170646787661,-74.53269161787749,0,90246.0
670,2019-05-29 10:38:28,2611427142352043,fraud_Keeling-Crist,gas_transport,266.96,David,Smith,M,941 Main St,Phoenix,IL,75679,45.49165200448358,-103.64376964605282,156743,Accountant,1960-07-13,1d5c27c613982b871dabfce1b7b7682e,1559126308,45.74570072624194,-103.72699617970696,0,45244.0
671,2019-07-22 04:26:01,5132892299256611,"fraud_Kutch, Hermiston and Farrell",misc_pos,27.0,Michael,Khan,F,7890 Main St,Chicago,IL,34226,31.677677738113513,-87.81349457518738,718367,Nurse,2003-05-07,9491cd00494bab048d52a61b4970b31e,1563769561,31.735924741443736,-88.26440971005184,0,24714.0
672,2019-03-18 18:01:22,4514650403034072,fraud_Lind-Buckridge,grocery_pos,236.34,Tyler,Khan,F,6378 Main St,Chicago,CA,83389,45.94819204572789,-75.52449423783762,395731,Teacher,1996-10-18,3e3ce5dfd65a1e04f5b5c57cf03a93b5,1552932082,45.647088757536864,-75.32766770334207,0,
673,2019-01-26 14:46:41,2175411723659762,"fraud_Kutch, Hermiston and Farrell",entertainment,149.59,Daniel,Gill,F,6548 Main St,Houston,IL,49914,31.10601952639378,-121.9758867389024,735034,Teacher,1961-08-30,4e80c04747da800e613deefb185fc20b,1548514001,31.12525355451601,-121.51433255588846,0,
674,2019-01-05 21:40:15,9945101880288971,fraud_Lind-Buckridge,misc_pos,93.84,Stephanie,Gill,F,9645 Main St,Chicago,NY,36772,40.09840717564817,-100.52976555264455,84836,Teacher,1979-10-24,f9bd4f44f509d66593707ba9ff2ba781,1546724415,39.74197447208176,-100.70342771224244,0,
675,2019-07-20 23:29:53,9062378285347839,"fraud_Heller, Gutmann and Zieme",misc_net,389.63,Edward,White,F,686 Main St,Chicago,NY,50528,47.5284735158335,-74.44396155928102,408520,Accountant,2002-01-07,a28d9ff0b87338898e8763b61a97dc21,1563665393,48.010609430405644,-74.49905146703071,0,
676,2019-07-10 07:57:19,8196246358719994,fraud_Keeling-Crist,misc_net,481.34,Edward,Banks,F,2285 Main St,Phoenix,NY,46623,30.98381944624501,-108.86035525931858,609432,Teacher,1996-03-06,4e3d2295b9df28e7aa46e2bedf26db77,1562745439,31.448388311158052,-109.31216773421846,0,39325.0
677,2019-02-24 01:11:36,5990176267382563,fraud_Lind-Buckridge,misc_pos,97.7,Stephanie,Smith,M,9208 Main St,New York,CA,93078,43.392581868656485,-72.69925529746943,846904,Developer,1955-02-11,a5e31d538ea6811c8ba6cecee130e148,1550970696,43.233099072869095,-72.21453112199984,0,62591.0
678,2019-02-17 09:01:45,7000799378705253,fraud_Lind-Buckridge,grocery_pos,159.6,Jeremy,Khan,F,2733 Main St,Houston,IL,44304,28.97557405190968,-120.6727924854733,485451,Developer,1967-06-18,00679f720a42e4ac5cc2ac8ab73c972e,1550394105,29.163158676771676,-120.38592636154603,0,
679,2019-03-10 18:57:57,2864134874708498,"fraud_Kutch, Hermiston and Farrell",food_dining,51.22,Stephanie,Smith,F,4220 Main St,Chicago,AZ,26901,32.092409517662915,-93.11488814867928,859726,Nurse,1982-03-24,0fd1d6760fe6abe0ad08e1b65ff87142,1552244277,31.98072941936335,-92.76097093396126,0,
680,2019-02-14 22:25:30,952871285159561,fraud_Keeling-Crist,misc_pos,133.99,Emma,White,M,7778 Main St,Houston,CA,28530,32.58685330301597,-111.2990493375853,695684,Driver,1992-02-21,0773d884c87dc12f46af31fde540b456,1550183130,32.46471255437848,-111.68349084676966,0,
681,2019-04-19 15:19:37,7912479571361650,"fraud_Heller, Gutmann and Zieme",misc_pos,286.55,Jeremy,Smith,M,4593 Main St,New York,TX,44824,38.57190345855337,-92.81661527660968,659966,Teacher,1958-11-17,5f9b49dfffb4fc5b5debe2d056e58ce7,1555687177,38.782077944699616,-92.94274016867223,0,94947.0
682,2019-07-21 10:29:28,3151223427359985,fraud_Keeling-Crist,grocery_pos,341.66,Stephanie,Garcia,M,204 Main St,New York,CA,12934,28.48153128046859,-116.98573657089663,505659,Teacher,1962-06-20,4fe0b3415d11e9eb6c2dde88df547190,1563704968,28.107858967934693,-117.078289935519,0,81529.0
683,2019-05-18 16:30:03,4045394365397596,"fraud_Kutch, Hermiston and Farrell",misc_pos,386.6,Emma,Singh,M,7431 Main St,Chicago,AZ,27498,29.77769304380466,-83.69826981732294,325076,Nurse,1971-09-08,049d73afafbae59436e79bd97b82d79a,1558197003,29.63331565372809,-84.1550068189971,0,
684,2019-02-10 23:53:18,5825120622575875,"fraud_Kutch, Hermiston and Farrell",entertainment,291.48,Stephanie,White,M,4521 Main St,Chicago,NY,46378,43.69103016099562,-77.92774778202349,328044,Driver,1974-12-18,b3cca0981fd6c9a06b459f1d9389bd9e,1549842798,43.74979311818953,-77.72967765398595,0,
685,2019-08-16 20:24:54,3060294030704950,fraud_Keeling-Crist,misc_pos,200.71,Michael,White,M,7220 Main St,Phoenix,AZ,45031,40.66504962740571,-116.33918464025521,838881,Driver,1979-11-23,3049764f89ff84dd24bece563624a7ab,1565987094,40.641487329384724,-115.95552522459778,0,
686,2019-03-08 03:45:05,6349162824968382,fraud_Keeling-Crist,food_dining,245.85,David,White,F,1282 Main St,Houston,AZ,73459,37.79863817514726,-103.90006479671884,625218,Psychologist,1964-06-12,3f3ff92ac9745751df22efb9d6ff8d77,1552016705,37.41445612531934,-104.1749368955445,0,
687,2019-02-12 06:57:05,6579082026686507,fraud_Keeling-Crist,misc_net,424.97,Jeremy,Smith,F,9680 Main St,Houston,TX,88458,32.74769752574656,-109.44700955934346,106409,Developer,1972-12-29,c3f3bfc3dc32ca8647c45ef856699f84,1549954625,32.6510876534046,-109.92093951705952,0,39672.0
688,2019-05-18 04:50:25,257674585306320,fraud_Lind-Buckridge,food_dining,288.33,David,Banks,M,6332 Main St,Chicago,CA,54609,26.3451061405311,-116.94746898856205,15913,Engineer,1962-04-17,ea03ffb5d1ee9e5c28d35bb2807d2af6,1558155025,26.293044831636934,-116.95959563787015,0,19198.0
689,2019-03-05 12:23:20,3435143008305390,"fraud_Heller, Gutmann and Zieme",gas_transport,129.36,David,Smith,F,8100 Main St,Chicago,IL,67448,28.546548710924256,-89.61009797357428,831109,Nurse,1983-08-13,01bbde27b26ff5bf320392ad02a62fd6,1551788600,28.61920200649171,-89.6579508488482,0,
690,2019-03-08 09:50:17,4518625861883487,fraud_Lind-Buckridge,food_dining,128.05,Michael,Brown,M,152 Main St,New York,NY,87968,40.10302226065814,-117.06450744413341,558971,Manager,1987-04-18,b2bc04024b9e2ea591a75e67fb255b34,1552038617,40.42264791025903,-117.02456254647093,0,38794.0
691,2019-03-17 11:37:43,1367779745382075,"fraud_Heller, Gutmann and Zieme",grocery_pos,165.16,Tyler,Patel,M,5730 Main St,Los Angeles,CA,46497,41.97147211647624,-99.3881615987544,838440,Manager,1980-08-26,d93f3649232fef3abbd9b2351da8f283,1552822663,41.9656155815079,-99.8170818498459,0,
692,2019-02-07 10:09:09,9048060829430160,"fraud_Heller, Gutmann and Zieme",misc_net,2884.03,Edward,Smith,M,4041 Main St,New York,TX,34850,44.798704414117196,-95.5783190787262,819851,Driver,1986-03-04,d16ffd8a393060a3b7ac0ba0ca0b03b7,1549534149,44.88229967166491,-95.55561615112953,1,
693,2019-07-01 09:45:44,6301161912571567,fraud_Keeling-Crist,shopping_pos,269.94,David,Garcia,M,5217 Main St,Los Angeles,TX,50229,43.021143332491185,-101.19912298975775,7359,Developer,1999-10-29,732dd10d51ece9b89c5f002fbe3ab52e,1561974344,43.41323935460374,-101.12178931872168,0,
694,2019-02-22 01:01:36,5318112705152798,"fraud_Kutch, Hermiston and Farrell",misc_pos,288.78,Edward,Singh,M,8925 Main St,Chicago,AZ,89214,28.81096443097227,-97.8966478304906,571951,Developer,1959-11-10,eca3d6e6f64ca7b04dda76d594e362b2,1550797296,29.016205632801512,-97.63400786938074,0,
695,2019-04-07 20:42:11,6117512573878478,fraud_Keeling-Crist,misc_pos,486.22,Stephanie,Garcia,M,6282 Main St,Los Angeles,TX,36282,34.21806781102733,-111.73573365899891,799329,Manager,1981-10-25,cce8e7ddaa7f8f97c68cdbd1db99250c,1554669731,34.24609441822279,-111.98345647417904,0,76737.0
696,2019-04-02 09:41:38,9222351109698987,"fraud_Heller, Gutmann and Zieme",entertainment,321.8,Daniel,Smith,M,337 Main St,Houston,IL,18068,28.946469066958585,-75.293802722181,181423,Nurse,1983-07-07,dad613472866c5a73fc5eaad063e63bd,1554198098,28.55608534625429,-75.39685092712443,0,
697,2019-07-29 00:27:28,354346560483340,"fraud_Rippin, Kub and Mann",gas_transport,317.29,Jennifer,Khan,M,6195 Main St,Houston,NY,84501,31.91466328577455,-74.62222840103227,938347,Nurse,1977-10-28,591cda629a8a2c86c397057e4b5338a7,1564360048,32.20224300346503,-74.66472455041605,0,
698,2019-05-26 18:33:54,4392811570301208,"fraud_Rippin, Kub and Mann",food_dining,93.0,Sarah,White,M,3740 Main St,New York,AZ,98004,37.61011140482904,-119.43431790467504,353054,Driver,1995-02-12,97c2634c6064ebd3bd24184b96097b02,1558895634,38.06556598192559,-119.9212569641451,0,50709.0
699,2019-02-20 16:08:03,9714514034018020,"fraud_Rippin, Kub and Mann",gas_transport,219.86,Jeremy,Patel,F,2005 Main St,Los Angeles,IL,12205,43.11239974067205,-75.87643578746332,465492,Developer,2003-04-16,356ba227e910ce3e74f56c3dd682a89b,1550678883,43.06456943610901,-75.67970769570664,0,
700,2019-02-20 06:51:20,6882323621819626,fraud_Lind-Buckridge,food_dining,457.06,Michael,Brown,F,3095 Main St,Chicago,IL,95981,30.561332234395486,-117.55421857623885,421937,Psychologist,1996-02-03,5eeee4affd45fccb75d0a6088a840fb2,1550645480,30.34096514571404,-117.29576101118401,0,83571.0
701,2019-07-22 12:51:18,7413338046095299,"fraud_Rippin, Kub and Mann",food_dining,456.16,Tyler,Banks,M,6422 Main St,Chicago,CA,60817,26.8046295438751,-91.01045988255689,914220,Accountant,1978-02-21,a4a2cf037e8b65d8d2a48f3884dc782d,1563799878,26.786112615137885,-91.2887996754592,0,
702,2019-06-30 09:20:27,8200602009941816,fraud_Lind-Buckridge,misc_net,150.13,Tyler,Patel,F,765 Main St,Phoenix,CA,14943,45.769183300358804,-106.01664680672195,193470,Nurse,1976-11-02,fa0da363d3aae37a4f6640537144cb9f,1561886427,45.85888207657956,-105.96727822845396,0,61243.0
703,2019-03-08 01:26:16,4172080320823472,"fraud_Kutch, Hermiston and Farrell",shopping_pos,458.63,Stephanie,Garcia,M,5495 Main St,New York,NY,36664,42.13578051700498,-75.88970275660243,599074,Developer,1964-08-05,1aae69816880f99c380c60d245c94460,1552008376,41.70055057821234,-75.94107072571067,0,
704,2019-03-26 09:14:32,3077457017854179,"fraud_Heller, Gutmann and Zieme",misc_pos,336.67,Tyler,White,M,6273 Main St,Phoenix,TX,21415,33.362793284974366,-101.60071094032736,521499,Engineer,1952-12-08,29c00bfd9b4cec08a49be695e8108ad4,1553591672,32.89770171461525,-101.90986135358561,0,
705,2019-04-19 16:19:37,4438551760825775,"fraud_Rippin, Kub and Mann",gas_transport,173.84,Stephanie,Sanchez,M,7490 Main St,New York,IL,64192,39.89844096460632,-86.65871622685475,103410,Engineer,1962-11-25,51f571ed79f314847cb94138a80688db,1555690777,39.87758393081753,-86.36478395683659,0,79579.0
706,2019-05-29 09:13:10,5531589919066422,fraud_Lind-Buckridge,misc_pos,307.84,Sarah,Banks,M,7279 Main St,Phoenix,CA,67832,48.95951335128575,-82.10559179152047,585000,Psychologist,1972-03-05,3b6999f3b6b13acfda88cb5c8e08d501,1559121190,49.4507974977045,-82.58184300510786,0,
707,2019-01-01 06:20:43,7087940815818971,"fraud_Heller, Gutmann and Zieme",entertainment,300.71,David,White,F,1954 Main St,Chicago,TX,43338,45.61275652044576,-116.05445565084588,123810,Developer,1950-02-19,08bc24dc62f29c793c134450076ddd47,1546323643,46.008643387420584,-115.68960842507487,0,
708,2019-01-04 02:17:32,9584225690403726,fraud_Keeling-Crist,grocery_pos,320.04,Michael,Smith,F,5527 Main St,New York,IL,26899,29.822989189253377,-69.90711576624986,963057,Accountant,1989-11-17,49a2ad7b853ea4a0a3145fbbd40d8633,1546568252,30.25266773006232,-69.55446669301772,0,90211.0
709,2019-07-17 11:41:46,4332471894247320,fraud_Keeling-Crist,food_dining,217.25,Emma,Brown,M,6749 Main St,Houston,NY,96768,34.91756586966033,-114.21980841828794,596300,Accountant,1998-10-23,f3eee8852c2bb9a81761f09c95f11b19,1563363706,35.37480317437662,-113.90505137665824,0,
710,2019-02-05 10:45:31,9383950125194434,fraud_Keeling-Crist,misc_pos,291.08,David,Sanchez,F,1732 Main St,Phoenix,CA,80705,26.597594524459012,-89.98850856636125,342497,Nurse,1955-08-11,dfbc9b414be1428e2a76be6335d1d60e,1549363531,26.949990785430224,-90.21920976625837,0,86420.0
711,2019-06-29 01:26:24,3000282049211300,"fraud_Rippin, Kub and Mann",food_dining,6.23,Sarah,Brown,F,9289 Main St,Chicago,AZ,56728,48.71345591500447,-82.51477251628395,64095,Teacher,1973-05-10,9841bc35a0fe13d1686b05c721f56f7b,1561771584,49.159613330894544,-82.4629233658191,0,13504.0
712,2019-07-03 18:26:43,3261238890671370,"fraud_Rippin, Kub and Mann",misc_pos,492.19,Edward,Singh,F,3931 Main St,Chicago,IL,92516,35.25182545555238,-116.11120314461445,739594,Nurse,1972-03-12,eacb9ccadab186a780bf051d567bd9e5,1562178403,35.60854694059953,-116.48307642758147,0,
713,2019-01-31 13:53:25,1788285895576575,fraud_Keeling-Crist,gas_transport,19.78,Emma,Patel,M,8848 Main St,Phoenix,AZ,59748,32.99375824008406,-101.05164896549792,320594,Teacher,1968-06-21,927eb13dc3e4badef095fe2128a9f39f,1548942805,33.36092678542748,-101.28929700809765,0,
714,2019-06-11 04:25:22,4830113512092249,"fraud_Rippin, Kub and Mann",food_dining,426.87,Emma,Banks,M,4730 Main St,Los Angeles,IL,56954,46.85251508796881,-107.46020350387462,259574,Nurse,1977-08-23,29bcd833c37dbd1c3482a7a5f0a6a478,1560227122,47.24237012883638,-107.05963805872719,0,49420.0
715,2019-04-16 23:19:29,720581082697562,"fraud_Heller, Gutmann and Zieme",misc_pos,285.74,Edward,Sanchez,M,9168 Main St,Los Angeles,NY,93563,37.02910927976497,-102.00421911883151,838307,Driver,1973-06-24,2391f4b0e6f5ef1447240255651078ba,1555456769,37.00788825093928,-101.86083961174515,0,
716,2019-01-22 16:50:13,3864939982879368,fraud_Keeling-Crist,misc_net,304.33,Tyler,Patel,F,4454 Main St,Houston,TX,76548,43.42101330800483,-87.557746462013,304270,Driver,1956-11-07,710aa5f26a841e8aefc5a41c88136715,1548175813,43.68999449998095,-88.01197876818782,0,
717,2019-05-24 17:02:46,5860918314889080,"fraud_Heller, Gutmann and Zieme",entertainment,113.61,Sarah,Patel,F,912 Main St,Phoenix,AZ,88130,32.883143766495316,-123.27536326405364,572449,Engineer,1975-12-20,03320e02e2415debb4b0242cca90581f,1558717366,32.57277851379672,-123.16798011808628,0,87386.0
718,2019-06-21 05:57:17,4919133753672181,fraud_Lind-Buckridge,entertainment,109.0,Daniel,Smith,M,1748 Main St,Houston,AZ,70863,45.264477534047046,-82.36397082734462,551260,Engineer,1984-05-07,7033103d2dd29997dac70b86f2d34621,1561096637,45.638694189099816,-82.1582706161273,0,38442.0
719,2019-04-03 00:59:56,4655707611513756,fraud_Lind-Buckridge,misc_net,140.99,Tyler,White,M,216 Main St,Chicago,IL,57377,27.84264789603659,-81.94845593313067,653834,Accountant,2004-07-31,144cc6a1394161baf33dd6a32364bb6f,1554253196,27.95251928683084,-81.7779794012156,0,15435.0
720,2019-02-23 20:34:41,4070775608025247,"fraud_Heller, Gutmann and Zieme",shopping_pos,147.76,Emma,Brown,F,3342 Main St,Los Angeles,CA,34637,28.799191328877512,-116.48241647696037,466138,Teacher,1972-02-13,7e95fc65928f5a151affc0c884b19ab8,1550954081,29.227942357095497,-116.598001876996,0,46395.0
721,2019-06-21 04:46:54,6285895828699441,"fraud_Rippin, Kub and Mann",food_dining,77.37,Michael,Banks,F,2317 Main St,Houston,NY,69869,37.94464372237732,-110.01861862258242,740117,Developer,1951-08-27,a618b8b54fb7d0f473958363b19d7c0f,1561092414,38.05987390010959,-109.82995485828862,0,
722,2019-01-01 13:17:08,7541227885619663,fraud_Lind-Buckridge,shopping_pos,342.63,Emma,Garcia,M,9830 Main St,Houston,TX,77134,44.48524002465685,-115.10526706223617,495396,Psychologist,1989-12-04,cfaa0f062c90c32169d0bf5dad634a85,1546348628,44.797417473251535,-114.8680877312479,0,
723,2019-04-14 05:52:03,286921720536266,"fraud_Rippin, Kub and Mann",misc_net,2619.68,Tyler,Sanchez,F,687 Main St,Houston,NY,15292,36.732626111345084,-67.50605334875351,464353,Engineer,1985-03-07,9241ff48a74abc472d0ff5c9f8a4d735,1555221123,36.97962763358051,-67.02477051506077,1,
724,2019-07-10 17:38:26,8539921224569675,"fraud_Rippin, Kub and Mann",misc_pos,475.85,Jeremy,Gill,M,8914 Main St,New York,CA,38935,33.53670902536717,-104.53469099590008,669907,Driver,1996-12-08,66bb1fdb16e079f12a9f15c4b3e2dac5,1562780306,33.88138148549354,-104.33345841652842,0,
725,2019-06-15 05:34:03,3743182150042946,fraud_Lind-Buckridge,misc_pos,59.69,Michael,Patel,M,1820 Main St,Chicago,AZ,87302,46.913646533312125,-76.00708298610314,779723,Nurse,1969-08-13,3f670f86aaa356ab8a749256c730e362,1560576843,46.60043953819351,-75.67580369676693,0,
726,2019-04-19 08:40:38,7082146402942108,fraud_Keeling-Crist,entertainment,457.79,Tyler,Brown,F,6223 Main St,Phoenix,TX,52274,25.216032410898947,-74.77448564565648,250127,Psychologist,2001-05-15,fc97383293538e7daa8749c206977674,1555663238,25.362820281790405,-74.45968868072339,0,
727,2019-06-07 16:19:09,4506781656688,fraud_Lind-Buckridge,misc_net,70.44,Edward,Singh,M,8001 Main St,Chicago,IL,95631,35.18213609064151,-112.6630918355216,425799,Manager,1958-01-01,5b666aea96e582ef3b8a15a2341e6765,1559924349,34.99776250730453,-112.5121560548251,0,13711.0
728,2019-01-20 15:05:51,6106876963443485,fraud_Keeling-Crist,misc_pos,374.66,Edward,Brown,F,7355 Main St,Chicago,NY,58612,42.543850343628726,-90.90589565826724,806723,Developer,1981-03-15,917efc8e07aacaa872246fcb739023df,1547996751,42.55906257952553,-91.02361159306211,0,88908.0
729,2019-05-25 07:54:57,154904679813029,fraud_Keeling-Crist,misc_net,27.96,Michael,Garcia,F,5609 Main St,Chicago,NY,25609,46.12467275458155,-103.87966840721036,284615,Teacher,2002-01-29,7b20dcf2251b673503410b4063e6a23d,1558770897,45.69332922193655,-103.86977179498145,0,
730,2019-03-19 18:27:07,6949589120418936,fraud_Lind-Buckridge,food_dining,190.85,David,Sanchez,M,8177 Main St,New York,TX,63842,39.22028330554139,-119.2461258267422,421176,Developer,1992-03-16,99e2121868dc4a41fbbbc09cc1db030c,1553020027,39.612540262229665,-119.43109784648692,0,58271.0
731,2019-05-23 01:49:37,117945293996659,"fraud_Kutch, Hermiston and Farrell",grocery_pos,68.71,Edward,Singh,M,687 Main St,Houston,TX,95759,35.16999843408064,-69.58485687225323,914617,Accountant,1991-06-16,bd07d727a433622b6108246ca9127dd9,1558576177,34.791911405761745,-69.36535178684345,0,51853.0
732,2019-01-18 19:18:36,6026445769196832,"fraud_Heller, Gutmann and Zieme",gas_transport,99.73,Sarah,Khan,M,2064 Main St,Chicago,CA,22377,26.241396145595502,-87.63344980821246,327974,Accountant,2000-08-25,8d25a2fd7eb85a09a8a6e2885e00ae44,1547839116,25.80637045259114,-87.99421456383598,0,
733,2019-01-31 02:01:43,5639836401499862,"fraud_Rippin, Kub and Mann",gas_transport,2258.35,Stephanie,Singh,F,8320 Main St,Houston,IL,21738,40.90575502518931,-70.20555767287624,654959,Nurse,1962-01-04,9fffa40a7a5d477a79386d12aea20354,1548900103,40.459045252385735,-70.31666369356334,1,13183.0
734,2019-03-13 22:00:19,2166801161862106,fraud_Keeling-Crist,entertainment,455.86,Jennifer,Sanchez,M,3525 Main St,Houston,CA,56149,31.445557390404314,-70.11878362246674,614654,Developer,1972-08-19,355166cadcccada2787823b2af92b5a3,1552514419,31.797313201051978,-70.1570493812979,0,
735,2019-07-10 18:38:42,9094859057106406,"fraud_Rippin, Kub and Mann",misc_pos,207.96,Tyler,Gill,M,7077 Main St,Phoenix,AZ,97502,43.171812655278494,-102.56110975583479,441490,Accountant,1970-06-03,d459200a35d4ab8a4b78214b803324e8,1562783922,43.52573645265085,-102.32438645270813,0,17680.0
736,2019-06-10 17:53:20,2987095585795778,"fraud_Rippin, Kub and Mann",misc_net,395.14,Tyler,Gill,M,7785 Main St,Chicago,TX,34991,34.25175496317753,-119.23848505917884,352533,Engineer,1991-04-12,cf75ec2b1131fa92828b5a6dae503f35,1560189200,34.295946250444345,-119.4841742578057,0,72521.0
737,2019-04-18 04:31:51,8061576554604887,"fraud_Rippin, Kub and Mann",misc_net,196.57,Emma,Sanchez,M,9225 Main St,Houston,AZ,58817,38.32331695340541,-113.90073903319748,932572,Engineer,1981-09-14,9b4b25212e0ed5af873fbdaa0bb863de,1555561911,37.94216045941025,-113.55018410653315,0,
738,2019-05-19 06:47:26,5443729218918405,fraud_Lind-Buckridge,gas_transport,264.92,Jennifer,Gill,F,6605 Main St,Chicago,CA,17343,47.96079775016343,-110.9370628344185,299799,Accountant,1955-11-17,5b9d340d086433311431b8b45e4ab9ae,1558248446,48.3397716822841,-111.19848465615067,0,19180.0
739,2019-08-03 12:51:13,3536268664135397,fraud_Lind-Buckridge,misc_net,335.24,Tyler,Patel,F,8580 Main St,Los Angeles,NY,56230,45.32178298102477,-100.03797987150404,882690,Manager,1974-03-23,ee9fab5da34aa4c3f83570ab57dafe39,1564836673,45.59847221237356,-100.44204926302476,0,28920.0
740,2019-07-26 13:25:04,8289091818382751,fraud_Keeling-Crist,food_dining,55.09,Sarah,Gill,M,3104 Main St,Chicago,CA,18800,43.66762116661961,-68.1461548341471,753795,Nurse,1970-05-26,2a71c49a8acaf36f1b9ef179dedced42,1564147504,43.54244647811112,-68.17819887444978,0,42868.0
741,2019-03-05 01:32:14,9976196395290282,fraud_Keeling-Crist,misc_net,258.36,David,Sanchez,M,4210 Main St,New York,AZ,22458,42.3916329758869,-81.28058648456657,12077,Nurse,1975-09-01,df17957e1a7e6575d6ad6f289a76d297,1551749534,42.29584450111474,-81.31767009587261,0,
742,2019-07-20 22:18:43,5933144134193842,fraud_Keeling-Crist,misc_pos,138.58,Edward,Gill,M,1171 Main St,New York,CA,83547,47.073543576689595,-122.0797469295232,885841,Psychologist,1962-10-16,427d1d0ae2c06d49695a0e3caa884342,1563661123,47.16400071370353,-122.25794124316451,0,28545.0
743,2019-06-29 23:02:19,6313378442504812,"fraud_Kutch, Hermiston and Farrell",misc_pos,101.97,Stephanie,Gill,M,7224 Main St,Phoenix,NY,54504,32.00177496378568,-85.5769478698904,152658,Manager,1967-11-01,c8e2b2cecac2aa6c8991a8ed638b79e0,1561849339,32.443577336494656,-85.57083610834754,0,70850.0
744,2019-08-05 07:35:08,4135477126847092,fraud_Lind-Buckridge,shopping_pos,402.25,David,White,M,2518 Main St,Los Angeles,NY,85378,40.56837333514247,-70.11989858757704,408641,Teacher,2002-12-23,1e4c0ab1260b2e93a2a56c0142275960,1564990508,40.62979796425833,-70.08500365736235,0,
745,2019-04-10 13:49:43,1598728094719236,fraud_Keeling-Crist,gas_transport,61.49,Sarah,Garcia,M,6197 Main St,Houston,TX,57413,37.39699635629541,-83.77005967550076,363835,Manager,1986-05-31,6fd42f44a8339ff3ead4bf030935455e,1554904183,37.80309013246282,-84.10363880517326,0,
746,2019-06-27 23:23:11,3838234725193016,"fraud_Kutch, Hermiston and Farrell",gas_transport,134.28,David,Banks,M,134 Main St,Houston,IL,78143,30.49073680336619,-88.00769005558138,994310,Manager,1958-03-22,98bd5a326f1b1cbddc6dd03c4fdc3197,1561677791,30.348353491839518,-88.1811780295865,0,84549.0
747,2019-01-31 01:51:20,9201709191822520,fraud_Lind-Buckridge,food_dining,402.68,Sarah,Khan,M,2718 Main St,Chicago,NY,22644,27.91867637488877,-99.2351196648553,191637,Teacher,1997-03-07,51bf6e3a2d05f4890bb45cc04e28c05a,1548899480,28.406846438638738,-99.09179024814382,0,63123.0
748,2019-08-16 07:13:44,7272526790536032,"fraud_Heller, Gutmann and Zieme",misc_pos,339.69,David,Smith,M,318 Main St,New York,AZ,78062,38.58187908802139,-93.52916436722988,569465,Engineer,1968-02-20,03cfc595937f346841e02a1e6f2374bf,1565939624,38.980755380779044,-93.86971467780985,0,
749,2019-06-04 16:15:37,6529632223328104,"fraud_Rippin, Kub and Mann",shopping_pos,149.12,David,Brown,M,5996 Main St,Chicago,CA,21660,43.84112632180211,-70.12231272272646,848349,Nurse,2000-11-04,320cfaa310b16d7cc6091b61e1ce283e,1559664937,43.87988674691724,-70.13720466599986,0,29043.0
750,2019-08-06 19:49:52,1404092272765625,fraud_Keeling-Crist,misc_pos,297.14,Daniel,Patel,F,1672 Main St,New York,CA,87999,32.52211201969079,-86.53516493062642,894599,Psychologist,1984-06-16,5d539a60832b8b6fe014746b4919cf36,1565120992,32.732495319698415,-86.93813041273708,0,21176.0
751,2019-01-08 02:52:03,2340966527874652,"fraud_Rippin, Kub and Mann",entertainment,138.79,Sarah,Singh,M,1356 Main St,Houston,AZ,67880,31.03817872771659,-101.26575911419292,911889,Nurse,1983-11-19,355f1304d80abd2b41ea25ea1a58cb77,1546915923,31.538110623401494,-101.2262194698083,0,18376.0
752,2019-06-19 07:24:21,3080343399572865,"fraud_Heller, Gutmann and Zieme",food_dining,40.73,Stephanie,Patel,F,8583 Main St,Phoenix,CA,55197,29.636279677291085,-103.87752347939401,734922,Accountant,1981-11-06,90d1a5f5101becdcfe32a57f87eafa71,1560929061,30.071632549105,-104.08130203290746,0,62944.0
753,2019-01-27 06:14:16,9037180807496349,fraud_Keeling-Crist,entertainment,48.5,Jennifer,Smith,M,4441 Main St,Los Angeles,NY,39857,47.37865186030717,-71.32136312893044,553009,Teacher,2003-04-19,6b90567f1bb935aaeb3092b11bcb6b0a,1548569656,47.56941745853418,-70.95696180011068,0,
754,2019-06-16 23:53:24,5021757747834102,fraud_Keeling-Crist,grocery_pos,373.26,Daniel,Banks,M,5161 Main St,Phoenix,AZ,29903,46.93198661852126,-81.13972953924007,323808,Manager,1991-05-11,f40d33c6a2f1155716baf03322e7d4ed,1560729204,47.20351857211285,-81.51992494385935,0,28169.0
755,2019-07-09 12:54:01,6562437078632944,"fraud_Heller, Gutmann and Zieme",entertainment,450.22,Jennifer,Garcia,M,1046 Main St,New York,TX,72942,38.667974013054454,-67.45464530707545,831054,Engineer,2001-10-27,80f9e3554f143ddb01c28e7e99d26997,1562676841,38.90784015852834,-67.12554315029287,0,44287.0
756,2019-05-28 12:04:02,7330232276588120,fraud_Lind-Buckridge,food_dining,20.9,Jennifer,Banks,M,7668 Main St,Phoenix,CA,88690,44.979459902116545,-69.74558939770165,716990,Accountant,1959-03-26,60849402aab2bdff8eea3b868b68b64e,1559045042,45.11636394036777,-69.62622592515078,0,24973.0
757,2019-05-04 00:28:28,3165631777429898,fraud_Lind-Buckridge,gas_transport,351.94,Daniel,Singh,M,1796 Main St,Los Angeles,AZ,76136,44.67036314365437,-123.32336471266076,106053,Driver,1982-01-30,4ff4ded4bca64bcc80a937ef47d8a31b,1556929708,44.24387547199044,-123.0599842392605,0,48828.0
758,2019-01-29 03:51:01,782722634211853,"fraud_Rippin, Kub and Mann",shopping_pos,159.36,Stephanie,Singh,M,6494 Main St,New York,NY,90020,33.62334392135484,-67.06227297660365,457048,Nurse,1996-12-25,ce57521459d45234b7a3348259a408a0,1548733861,33.26543002452943,-67.18621914361411,0,
759,2019-07-10 18:45:45,6760827170648702,"fraud_Rippin, Kub and Mann",food_dining,430.14,Michael,Brown,M,8663 Main St,New York,AZ,39949,40.51537021517015,-97.19321091055119,828780,Manager,1990-04-15,257bb525884f815d2834a3448c040e71,1562784345,40.73435242433455,-97.65132680407416,0,
760,2019-07-28 06:28:12,8721272267654117,"fraud_Kutch, Hermiston and Farrell",shopping_pos,408.65,David,Khan,F,5326 Main St,Houston,CA,81101,35.69385277709101,-69.94484436143088,372848,Teacher,1953-09-11,c43a5d24f28eb91002c8289c39305cae,1564295292,35.58076910576997,-70.09780608409102,0,47857.0
761,2019-04-13 19:34:22,5866153673471003,"fraud_Rippin, Kub and Mann",food_dining,329.85,Edward,Banks,M,5266 Main St,Phoenix,TX,81611,39.37230595825883,-105.91269865967934,888425,Developer,1956-03-21,b0ddc889b8fabe24f508f6a434aa3ea5,1555184062,38.926922050375055,-105.90989537482427,0,
762,2019-08-15 23:50:49,1860350965302407,"fraud_Kutch, Hermiston and Farrell",shopping_pos,434.72,Michael,Khan,F,299 Main St,Chicago,AZ,63191,37.14405610737016,-103.48151934241682,151815,Developer,1964-05-27,13e687967a1f5fa5b0beba968b59ff5b,1565913049,37.455937092421955,-103.79801764051686,0,36653.0
763,2019-03-25 06:27:57,2991151393622210,"fraud_Kutch, Hermiston and Farrell",entertainment,1327.09,Jeremy,Brown,F,2943 Main St,New York,CA,55430,32.55599155843831,-122.98883595626104,267732,Developer,1979-01-12,79009cfdc6ad6b41bf077f3bf90388dc,1553495277,32.599130192400246,-123.18883144871937,1,
764,2019-06-18 15:04:09,557353499993130,fraud_Lind-Buckridge,gas_transport,130.4,Michael,Sanchez,M,9182 Main St,Houston,IL,69541,33.041280158530476,-114.3484237597844,122642,Engineer,2001-01-15,b5febfa8cdcc8c91e68ca36605ecfaed,1560870249,33.33219550378135,-114.73092412483908,0,
765,2019-04-10 20:23:05,6216462213202962,"fraud_Rippin, Kub and Mann",entertainment,120.59,Jennifer,Smith,F,493 Main St,New York,CA,55176,35.50563023589411,-98.7064645517017,303170,Teacher,2003-10-15,1fa8839a1a8afcd0a111b7b2d2ab7386,1554927785,35.59336817321509,-98.64826151463195,0,64721.0
766,2019-02-05 08:12:39,5143257567789246,"fraud_Kutch, Hermiston and Farrell",misc_net,497.6,Daniel,Sanchez,M,175 Main St,Houston,AZ,14930,42.74325059752218,-109.58239135582018,754707,Engineer,1982-02-15,274b490fa4530988739a11e82edfc673,1549354359,42.62999244204852,-109.53082606003217,0,
767,2019-02-25 22:40:45,3991932821976716,fraud_Lind-Buckridge,misc_pos,345.26,Daniel,Gill,M,7135 Main St,New York,TX,28315,45.279688150823375,-75.06458624058732,408770,Psychologist,1974-05-05,b144a9535b117ad9594adeef193d7b22,1551134445,45.25852549345823,-75.33281392956494,0,48313.0
768,2019-08-16 15:14:09,4534427910871096,"fraud_Rippin, Kub and Mann",misc_net,438.3,Michael,Khan,F,6297 Main St,Phoenix,TX,90268,48.6860335486232,-86.42455422066925,19903,Teacher,1985-01-31,2b1472417b1b901a38b35426f6fad1cf,1565968449,48.835716832889894,-86.4153394337821,0,
769,2019-03-18 05:17:18,5551333126661012,"fraud_Kutch, Hermiston and Farrell",misc_net,247.03,Michael,White,F,7549 Main St,Los Angeles,CA,82291,46.37365294938094,-90.89531101166781,670803,Teacher,1974-08-23,59d522ce38ea0303e13d4048832342dc,1552886238,45.98794865260994,-90.74835362364219,0,
770,2019-05-29 22:15:57,1074709431300472,"fraud_Rippin, Kub and Mann",gas_transport,122.59,David,Gill,M,2951 Main St,New York,CA,97153,28.34495080379617,-113.34546444731669,891213,Psychologist,1978-10-22,97d29da865b3ff7f6b0d45971af8afc5,1559168157,28.534339434223156,-113.24824857612843,0,33016.0
771,2019-08-19 23:11:56,7357808804367512,"fraud_Kutch, Hermiston and Farrell",misc_pos,137.53,Michael,Brown,F,8254 Main St,Los Angeles,CA,73432,30.270299383903478,-123.91397015134733,311290,Driver,1976-04-24,9113515c45cfd67d939f66eed4dd0875,1566256316,30.27678528501827,-123.71027925534209,0,
772,2019-03-10 03:31:26,4510731882074690,"fraud_Heller, Gutmann and Zieme",food_dining,325.68,Jennifer,Banks,M,5097 Main St,Houston,IL,79732,27.989816283414026,-100.12785223327796,497164,Engineer,2000-02-08,f686aa4bdce54fa9669e32e8b1a6d0cc,1552188686,27.49923325893286,-99.95395736522637,0,66827.0
773,2019-04-11 09:01:54,7498283327023929,"fraud_Rippin, Kub and Mann",grocery_pos,464.88,David,Brown,F,2459 Main St,Houston,NY,84377,31.658358298143952,-111.75759869620668,444277,Accountant,1960-02-15,ac612adb1421fb505bd30f5f7482dd6e,1554973314,31.558038287760983,-111.67015850267174,0,
774,2019-01-18 08:11:43,4129611114563735,fraud_Keeling-Crist,misc_net,301.18,Michael,Banks,M,7353 Main St,New York,TX,59138,36.16424657108641,-80.3897709065663,976191,Manager,1953-05-21,941593f56cab81a7fcd792436065e0d8,1547799103,36.14035739679816,-80.39435219349194,0,33950.0
775,2019-07-14 22:27:50,1054392326895465,fraud_Keeling-Crist,gas_transport,103.07,Michael,Garcia,F,8042 Main St,Phoenix,AZ,37396,40.9199315699463,-87.28233193299944,219337,Accountant,1972-08-15,647facc458a2751fafb5205361fa7da7,1563143270,40.63659678558284,-87.51529826289294,0,94147.0
776,2019-04-05 07:37:31,2321013593358478,"fraud_Kutch, Hermiston and Farrell",entertainment,418.88,Emma,White,F,1520 Main St,Phoenix,NY,91338,26.970404246753805,-85.58796736775312,826050,Developer,2001-10-31,5ed3cdf6e8728e6881c4dc1a9670d354,1554449851,27.31998006290813,-85.70670315478168,0,
777,2019-03-09 05:54:51,7764133623267588,fraud_Lind-Buckridge,grocery_pos,390.08,Emma,Singh,M,2505 Main St,Los Angeles,NY,86996,35.482405663527715,-67.40975954359905,626611,Driver,1973-07-29,2076d17f820ac1b7fe0a994c149fa008,1552110891,35.81747832360313,-67.23534402896007,0,64710.0
778,2019-06-18 23:57:10,7905119671803107,"fraud_Heller, Gutmann and Zieme",entertainment,173.0,Sarah,Patel,F,7636 Main St,Houston,AZ,58166,42.58492448111829,-123.23327996047611,797753,Psychologist,1958-04-04,0a4871ffb70bc05b490c2ab4051de7da,1560902230,42.23765307927395,-123.42393140891129,0,38005.0
779,2019-08-15 11:02:28,5365792307946127,fraud_Lind-Buckridge,food_dining,28.06,Emma,Banks,F,7708 Main St,Houston,CA,81959,27.581851042406655,-101.89622736099992,514117,Teacher,1978-05-16,55ce214493f6a4d730b3af78d8382500,1565866948,27.30377796266664,-101.84006993043127,0,97796.0
780,2019-02-06 18:45:03,5160359157118041,"fraud_Kutch, Hermiston and Farrell",grocery_pos,231.29,Edward,Sanchez,F,6446 Main St,Phoenix,TX,68002,31.98570080754478,-109.4516332414591,58803,Nurse,1973-12-10,605b3efb59c650a348b8d74babdfb564,1549478703,32.070885962411985,-109.05464460599264,0,
781,2019-07-12 16:13:49,6024185879196243,"fraud_Kutch, Hermiston and Farrell",shopping_pos,299.39,Sarah,Smith,F,2508 Main St,Phoenix,NY,75884,27.706803360104487,-115.1335258964509,212448,Engineer,1980-06-23,56cb59bf4153bed45bdac3e4acd52dd4,1562948029,27.883227761892392,-115.37150746565138,0,
782,2019-04-08 13:31:39,3009470575245649,fraud_Keeling-Crist,misc_pos,62.22,Stephanie,Brown,F,2314 Main St,New York,TX,95267,40.33290849608656,-68.82651811503246,872674,Teacher,1956-03-14,536d5572e7086f098d4627b881664e50,1554730299,39.90566378323585,-68.9397592520254,0,
783,2019-03-04 17:29:15,6671777755850961,fraud_Lind-Buckridge,food_dining,446.06,Stephanie,Brown,M,7687 Main St,Chicago,NY,74380,40.32053964109468,-112.059288462829,88778,Engineer,2001-07-28,2111a0b2a8b43428532de5e6e8863736,1551720555,40.63848137490827,-112.33338254318585,0,58414.0
784,2019-03-11 18:51:41,3898119127631543,"fraud_Kutch, Hermiston and Farrell",misc_net,456.45,Stephanie,Singh,F,5549 Main St,New York,IL,51055,32.356074431671885,-102.6742711029396,930755,Accountant,1958-04-02,d39868369c4c3dfdbccd8235e3cb6928,1552330301,32.855879949000254,-102.7800430233091,0,26828.0
785,2019-08-04 13:14:38,8317517784212136,fraud_Lind-Buckridge,misc_net,261.75,David,Khan,F,7024 Main St,Houston,IL,64468,30.85227064273469,-76.31395965882473,263925,Manager,1989-06-13,58cb99a81c96da8068d1855d36744b66,1564924478,31.037192994963647,-76.40646743737884,0,16555.0
786,2019-02-23 18:20:43,9434350736791144,fraud_Lind-Buckridge,entertainment,410.59,Stephanie,White,M,2530 Main St,Phoenix,IL,72436,27.998269014334504,-84.26435559818977,23745,Psychologist,1982-01-19,19486858e5153ba27d6897d4620865bf,1550946043,27.600550229786343,-83.78306711795788,0,32600.0
787,2019-02-17 15:03:10,9587871289495295,"fraud_Heller, Gutmann and Zieme",misc_net,323.13,Jeremy,Sanchez,F,5076 Main St,Phoenix,NY,86258,30.554554886430065,-104.44942268247914,604575,Manager,1985-11-27,124584b04fcfec1dd3589660f2f083c3,1550415790,30.704559453863055,-104.85196235800547,0,72640.0
788,2019-03-01 10:49:10,4365592477039144,"fraud_Rippin, Kub and Mann",misc_net,318.58,Daniel,White,F,7508 Main St,Chicago,TX,57774,34.284951771531496,-112.7164182689871,389091,Nurse,1967-01-30,a569c48fb935107999e19de09dd6fe0b,1551437350,34.11862049330656,-113.11162519604011,0,
789,2019-01-03 10:23:24,7114562450913525,fraud_Lind-Buckridge,entertainment,259.31,Tyler,Singh,M,5865 Main St,Los Angeles,AZ,59811,41.14546573101924,-108.97710215224892,997925,Teacher,1964-01-19,bf09aff09218a8178e95d58f9dcc9f0c,1546511004,40.73959552092997,-108.78489199751571,0,
790,2019-05-07 06:28:42,1518358475724909,"fraud_Heller, Gutmann and Zieme",misc_net,474.31,Jeremy,Gill,F,7681 Main St,Houston,CA,68093,34.64161092153085,-96.38454824033077,860230,Manager,1993-05-06,8ce85e7482d52d40080a721339d7d4c4,1557210522,35.02329636785239,-95.89478478510212,0,81810.0
791,2019-04-08 19:16:12,473881623835989,fraud_Lind-Buckridge,food_dining,184.3,Emma,Sanchez,F,5766 Main St,Houston,IL,98629,37.04606223935551,-80.46461562437324,766048,Engineer,1977-04-24,7e37108752ffa0a0401b9e4706bcf4d7,1554750972,36.55568327007904,-80.03026546281588,0,59404.0
792,2019-07-20 11:33:00,957273041568338,fraud_Keeling-Crist,entertainment,2101.36,Edward,Sanchez,M,2377 Main St,New York,CA,74367,39.2122564457603,-94.25422523786278,855530,Nurse,2001-08-25,89d66d1e6db644674ac57fa1a88492cb,1563622380,39.677852568897144,-94.32216177800697,1,
793,2019-02-01 07:10:35,2142262223545212,"fraud_Rippin, Kub and Mann",gas_transport,146.41,David,Smith,M,9344 Main St,New York,NY,12739,47.342796026915565,-71.41361392105554,785774,Psychologist,2001-01-12,93958252db721f6d47540b2371fce01a,1549005035,47.83735137012665,-70.97327590829255,0,
794,2019-04-02 11:55:14,3813273004692132,fraud_Lind-Buckridge,shopping_pos,421.22,Emma,Khan,F,701 Main St,Houston,AZ,10485,27.38550349462616,-71.87944913335778,779226,Developer,1991-11-04,ccb02640c8a603b806767b2e2122e2cd,1554206114,27.680147166468906,-71.47045301500808,0,83075.0
795,2019-01-19 08:08:03,2142677882349591,"fraud_Rippin, Kub and Mann",entertainment,150.69,Sarah,Gill,F,1734 Main St,Los Angeles,CA,53112,26.04859004500858,-83.36999668488895,798736,Teacher,2001-10-02,d0baf7bb98bb9bc7e6b0b565bd5df433,1547885283,26.52065410004833,-83.22418027047753,0,57425.0
796,2019-07-10 15:12:36,6723255770629683,"fraud_Kutch, Hermiston and Farrell",grocery_pos,473.42,Jeremy,Patel,F,8325 Main St,New York,TX,57113,40.107222558822194,-114.5706598181408,799377,Developer,1984-04-28,1477610857d6a7e39f8b381f09f2fe8a,1562771556,39.96037426840945,-114.88022416125582,0,
797,2019-05-06 11:22:51,424533007710583,fraud_Lind-Buckridge,grocery_pos,217.16,Daniel,Brown,F,3543 Main St,Houston,NY,36617,39.44201867420114,-106.89548479430196,237531,Engineer,1971-02-22,38c27b952fc1d7cac302733229834159,1557141771,39.799587367227325,-106.7756520978481,0,93155.0
798,2019-07-06 12:47:01,3973263689878627,fraud_Lind-Buckridge,entertainment,152.34,Stephanie,Sanchez,M,2077 Main St,Phoenix,NY,30681,45.498567828825884,-92.35813162466255,143788,Accountant,1956-03-02,09238bbf1b925fc17818471a87617de2,1562417221,45.815764998611755,-92.47300318173855,0,20144.0
799,2019-06-27 03:37:11,9531002149730734,fraud_Keeling-Crist,misc_net,2856.1,Michael,Gill,F,5195 Main St,Los Angeles,TX,14017,47.374070017552924,-74.9217722585511,599318,Nurse,1966-06-12,270459c374e9234126a373832c55d0b5,1561606631,47.38293074024942,-74.4851244682919,1,37134.0
